episode_id,frame_index,source_eef_x,source_eef_y,source_eef_z,target_mj_x,target_mj_y,target_mj_z,ik_q1,ik_q2,ik_q3,ik_q4,ik_q5,ik_q6,ik_q7,ik_residual_m,ik_iterations
0,0,-0.04658396542072296,0.0010548062855377793,0.6923741102218628,0.5005274031427689,-0.14217321798205376,0.6633571493625641,-0.13029178258328133,-0.09656367791449816,-0.13328232080992958,-1.5897350170106725,-0.02650303907531988,1.5296564095655643,-0.7853,7.079533926459213e-05,4
0,1,-0.04387640208005905,-0.0020439513027668,0.6936200857162476,0.4989780243486166,-0.13973641097545625,0.6642916309833526,-0.12834490756113642,-0.10178025318121633,-0.13128897954032898,-1.592742918597123,-0.02607364139547071,1.5262567631818924,-0.7853,4.714366191508677e-05,2
0,2,-0.04064429923892021,-0.005328942555934191,0.6951491236686707,0.4973355287220329,-0.13682751841843127,0.66543840944767,-0.12597156121331812,-0.10778012959835248,-0.12883222736820946,-1.5961334679356078,-0.025549984626376938,1.5223699613956658,-0.7853,5.0532390037129097e-05,2
0,3,-0.03690924495458603,-0.009011090733110905,0.6966440677642822,0.49549445463344455,-0.1334659695625305,0.6665596175193786,-0.12322254207979609,-0.11448112339335534,-0.12596373330165633,-1.600202519928812,-0.024940090122398506,1.5178587446105534,-0.7853,5.550208912619904e-05,2
0,4,-0.03270207345485687,-0.013398552313446999,0.697981059551239,0.4933007238432765,-0.12967951521277427,0.6675623613595962,-0.12014622697128013,-0.12218691799616192,-0.12272618627281456,-1.6054021427789145,-0.024248700595452047,1.5123714944423914,-0.7853,6.38673786313947e-05,2
0,5,-0.028227034956216812,-0.018578186631202698,0.6991662383079529,0.49071090668439865,-0.1256519805639982,0.6684512454271316,-0.11690612041178475,-0.13088030318219773,-0.11929030707653841,-1.6116968551374067,-0.023511035539419745,1.5059380269720741,-0.7853,7.312508812463154e-05,2
0,6,-0.023522794246673584,-0.02424776367843151,0.7003564834594727,0.48787611816078424,-0.12141816392540931,0.6693439292907715,-0.11350343956054479,-0.14020909403267237,-0.11565915623738851,-1.6185276342092034,-0.022732147495569708,1.4989880907632789,-0.7853,7.895822374111426e-05,2
0,7,-0.018473271280527115,-0.03036446124315262,0.7016168832778931,0.4848177693784237,-0.11687359325587748,0.6702892291545868,-0.10983966560933571,-0.1501746459731414,-0.11172198116493398,-1.6257919746577263,-0.021889306183901593,1.491577188278159,-0.7853,8.377093897524736e-05,2
0,8,-0.013061217032372952,-0.03707506135106087,0.7027972936630249,0.48146246932446957,-0.11200274443253874,0.6711745369434357,-0.10590982943696693,-0.16090987000500584,-0.10746585680274891,-1.6338166400579044,-0.020976643844074553,1.4834809036728303,-0.7853,9.053668808946937e-05,2
0,9,-0.007210342213511467,-0.04456368088722229,0.703705906867981,0.47771815955638885,-0.10673695709556341,0.6718559968471527,-0.10166429137036886,-0.17261657600454602,-0.10282669453984435,-1.643052076922141,-0.01997673605241172,1.47438461629764,-0.7853,9.968726631726342e-05,2
0,10,-0.000987736857496202,-0.052846409380435944,0.7043167948722839,0.47357679530978203,-0.10113661227514967,0.6723141628503799,-0.09714921701650217,-0.18525899370096652,-0.09784925168667472,-1.6534915442767018,-0.018898264097556818,1.4643091098421819,-0.7853,0.00010918783273408326,2
0,11,0.005451172590255737,-0.06159651651978493,0.7047938108444214,0.46920174174010754,-0.09534159377217293,0.672671924829483,-0.09245397530303245,-0.19839652439113864,-0.09263588317818475,-1.6644901693257883,-0.017766418703672637,1.4537622762222453,-0.7853,0.0001156008311996753,2
0,12,0.01228635199368,-0.07058724761009216,0.7051072120666504,0.4647063761949539,-0.08918993230909109,0.6729069757461548,-0.08741372414416039,-0.21181263856423174,-0.08700310175196836,-1.6758944385441283,-0.016541188467568413,1.4429021077849629,-0.7853,0.00011970063512519843,2
0,13,0.019388586282730103,-0.0797354057431221,0.7051109075546265,0.46013229712843895,-0.08279792144894599,0.6729097473621368,-0.08211830414530866,-0.2253011637932737,-0.08105310370179387,-1.6877348675224546,-0.015243066437632688,1.431787435451675,-0.7853,0.00012406875988422005,2
0,14,0.02677903324365616,-0.08892854303121567,0.7047979235649109,0.45553572848439217,-0.07614651918411254,0.6726750093698501,-0.07653633080256607,-0.2387170209068413,-0.07475214393039428,-1.6999008342137878,-0.013863536877460853,1.4205319730135408,-0.7853,0.00012734790629968936,2
0,15,0.034522250294685364,-0.09807527810335159,0.7043769359588623,0.4509623609483242,-0.06917762383818626,0.6723592686653137,-0.070598392534848,-0.25198321915467287,-0.06802214835367126,-1.7120215517137884,-0.012384890156367942,1.409364202779945,-0.7853,0.00012837965421197956,2
0,16,0.042465243488550186,-0.10715412348508835,0.703959584236145,0.4464229382574558,-0.062028929963707916,0.6720462548732757,-0.06441646515083663,-0.265011631279833,-0.06099428877782863,-1.7238512969306707,-0.01083571428299978,1.3984482667389062,-0.7853,0.00012894134685422878,2
0,17,0.050476133823394775,-0.11618513613939285,0.703359067440033,0.4419074319303036,-0.05481912866234779,0.6715958672761917,-0.05809634437939458,-0.27773830721212395,-0.0537945254793336,-1.7356138179797844,-0.009242355538963052,1.3876894187889866,-0.7853,0.0001309255279515549,2
0,18,0.058499932289123535,-0.1251625418663025,0.7022860646247864,0.43741872906684875,-0.0475977100431919,0.6707911151647568,-0.05168168795603311,-0.29008535034916455,-0.046478627068970595,-1.7476875346473646,-0.007615370069039812,1.376918940961955,-0.7853,0.0001344419140677398,2
0,19,0.06649694591760635,-0.13406382501125336,0.7004877328872681,0.4329680874943733,-0.04040039777755736,0.669442366361618,-0.04520119319512156,-0.3019656920953686,-0.03908625576284099,-1.760399134188622,-0.005962341905487969,1.366003239809161,-0.7853,0.00013901133166545487,2
0,20,0.07453333586454391,-0.14282545447349548,0.6977189779281616,0.42858727276325226,-0.03316764682531356,0.6673658001422882,-0.03859340426997729,-0.31326041055499093,-0.03155169342698188,-1.7740472969335217,-0.004266346696994427,1.3548391179060297,-0.7853,0.0001434422102400002,2
0,21,0.08261069655418396,-0.15131616592407227,0.6939708590507507,0.42434191703796387,-0.025898022204637522,0.66455471098423,-0.03184307104506319,-0.32378113734687985,-0.023865197595606766,-1.7885216041488665,-0.0025243435308586488,1.3435646189811425,-0.7853,0.00014623540250139906,2
0,22,0.09071802347898483,-0.15910162031650543,0.6895925998687744,0.4204491898417473,-0.01860142797231673,0.6612710165977478,-0.024938518310655543,-0.33304485340786505,-0.01602375084344891,-1.8029217336768637,-0.000735474399676751,1.3328275170468193,-0.7853,0.00014356364001344516,2
0,23,0.0984792485833168,-0.16585806012153625,0.6845853328704834,0.4170709699392319,-0.01161632537841796,0.6575155663490295,-0.018193813782832212,-0.3405962979418325,-0.008411941270139264,-1.8168937887696932,0.0010061761824433646,1.322979994892457,-0.7853,0.00013934847631525346,2
0,24,0.105777308344841,-0.17140018939971924,0.6787293553352356,0.4142999053001404,-0.005048071593046183,0.6531235831975937,-0.01172661163412715,-0.34616183327556194,-0.0011733290793980678,-1.8305842530172607,0.002664193036116501,1.3140529137632018,-0.7853,0.00013403054719114495,2
0,25,0.11275085061788559,-0.17583012580871582,0.6718674898147583,0.4120849370956421,0.001228116452693953,0.6479771840572357,-0.005440553178912687,-0.3498157627618806,0.005809699735284779,-1.8443289335921438,0.0042668543378882925,1.3058580093095427,-0.7853,0.00012800642179892552,2
0,26,0.11942223459482193,-0.17936791479587555,0.6638155579566956,0.4103160426020622,0.007232362031936654,0.6419382351636886,0.0006709352876738952,-0.3517238626089308,0.012546419523881356,-1.8585754848238736,0.005815083953213342,1.2981222245184916,-0.7853,0.0001228400892072536,2
0,27,0.12582403421401978,-0.1821405589580536,0.6547770500183105,0.4089297205209732,0.012993981689214715,0.6351593542098999,0.006627263448893202,-0.35202905976791515,0.019061295030357438,-1.8731449200843713,0.007314916439033246,1.290894085942364,-0.7853,0.00011739586775688279,2
0,28,0.13195931911468506,-0.18424367904663086,0.6452966928482056,0.40787816047668457,0.018515738099813467,0.6280490863323211,0.01242027012826398,-0.35095988894271907,0.025345549858668902,-1.887371999162401,0.008765251513428218,1.2844227355072801,-0.7853,0.00011152230692102682,2
0,29,0.13770093023777008,-0.18562741577625275,0.6359546780586243,0.4071862921118736,0.02368318811058999,0.6210425752401352,0.01792072641869287,-0.34866426489780344,0.031248996766019197,-1.9004454734837375,0.010128565773655906,1.279045110968222,-0.7853,0.00010490096901991502,2
0,30,0.14290916919708252,-0.1865997612476349,0.6268243789672852,0.40670011937618256,0.028370603173971193,0.6141948509216308,0.022991539192408494,-0.3456049512065325,0.03661267391548359,-1.912606242475077,0.011360482713920053,1.2744602759821986,-0.7853,0.00010230322805302803,2
0,31,0.14726872742176056,-0.18742139637470245,0.6176138520240784,0.4062893018126488,0.03229420557618143,0.6072869557142258,0.02734788409620182,-0.34207423855726693,0.041108652135428046,-1.9245639461731219,0.012369090561016904,1.2702094324281339,-0.7853,0.00010417860996177207,2
0,32,0.15065257251262665,-0.188097283244133,0.6084059476852417,0.4059513583779335,0.035339666157960914,0.6003810274600982,0.03086001243487709,-0.33817886106136513,0.04459861629705792,-1.9362856769521177,0.01311606585945595,1.266265269447381,-0.7853,0.00010673351737500682,2
0,33,0.15351223945617676,-0.18877209722995758,0.5993496775627136,0.4056139513850212,0.03791336640715601,0.5935888248682022,0.033918789097191336,-0.3341322031034776,0.04754959728668218,-1.947701413497393,0.013727086883788438,1.262577849683025,-0.7853,0.00010866247907694543,2
0,34,0.15601883828639984,-0.18947254121303558,0.590373694896698,0.4052637293934822,0.04016930535435678,0.5868568378686905,0.03667401190613435,-0.32992811244734604,0.05014382191452934,-1.9589167164399923,0.014250663301683147,1.2590972818557686,-0.7853,0.00010982446854884877,2
0,35,0.15765276551246643,-0.19019927084445953,0.5815514922142029,0.40490036457777023,0.04163983985781672,0.5802401858568191,0.038649098220316834,-0.32571613370565794,0.05183669827394678,-1.9699487471664678,0.014535960992833824,1.255753977622057,-0.7853,0.0001131989380909227,2
0,36,0.15824541449546814,-0.1910000443458557,0.5728716850280762,0.40449997782707214,0.04217322394251824,0.5737303304672241,0.039675658921013116,-0.32161923387559466,0.05244723315573674,-1.9809271763133667,0.014530874422515426,1.2524372538868154,-0.7853,0.00011684425531738069,2
0,37,0.15787570178508759,-0.1920117288827896,0.5641561150550842,0.4039941355586052,0.041840482503175735,0.5671936529874801,0.0398168354239968,-0.31769867154694664,0.0520617467360236,-1.9922054971977305,0.014256296792828273,1.2489596539282204,-0.7853,0.00011975847449284249,2
0,38,0.15666934847831726,-0.19358780980110168,0.5554812550544739,0.40320609509944916,0.04075476452708246,0.5606875079870224,0.039189875743755063,-0.31437463150252637,0.050818202354881686,-2.004034678544179,0.013748207160114614,1.245044404035672,-0.7853,0.00012517919735094142,2
0,39,0.15465813875198364,-0.19588413834571838,0.5470250844955444,0.4020579308271408,0.038944675773382204,0.5543453800678253,0.03781441260028314,-0.3119297130264861,0.0487449906250323,-2.0163793275502626,0.013013412862108494,1.2406002518579347,-0.7853,0.00013211693037703265,2
0,40,0.15190266072750092,-0.19865161180496216,0.5385082364082336,0.4006741940975189,0.03646474555134774,0.5479577440023422,0.035717726273110414,-0.3098770751803411,0.04589253466636284,-2.0292910199045933,0.012064832344922926,1.2357998422929914,-0.7853,0.00013504359204580458,2
0,41,0.1485120952129364,-0.20113666355609894,0.5296386480331421,0.39943166822195053,0.03341323658823969,0.5413055527210235,0.03294892365886704,-0.3070743460962595,0.04234430919113808,-2.0422570990329065,0.010927822173268565,1.2313348379818716,-0.7853,0.0001291184946282088,2
0,42,0.14449632167816162,-0.2028486281633377,0.5204532742500305,0.39857568591833115,0.029799040406942368,0.5344165223836899,0.02948202148145493,-0.302899223690456,0.03808778577327687,-2.0546489176558462,0.009599491864713669,1.2277394609265282,-0.7853,0.00011747532634942239,2
0,43,0.13982327282428741,-0.20405389368534088,0.5112269520759583,0.39797305315732956,0.025593296438455593,0.5274967807531357,0.025288507163159078,-0.2978054648906253,0.033090877015155534,-2.0663786780388644,0.008068056355978747,1.2248676353711474,-0.7853,0.00010828369629658,2
0,44,0.13446775078773499,-0.20497582852840424,0.5020160675048828,0.3975120857357979,0.020773326605558404,0.5205886173248291,0.020343992016586182,-0.2920673972853405,0.027329801343460747,-2.0775782675005416,0.006323680283662913,1.2225452492874447,-0.7853,0.0001007236086402778,2
0,45,0.12851427495479584,-0.2056143432855606,0.49282345175743103,0.3971928283572197,0.015415198355913165,0.5136941555142402,0.014722245241575161,-0.28563850091714843,0.0208921473625956,-2.088182779148665,0.004390842014703442,1.2208159409446915,-0.7853,9.288157062937258e-05,2
0,46,0.12231045216321945,-0.20577965676784515,0.48382294178009033,0.3971101716160774,0.009831757843494424,0.5069437730312347,0.008757846986778346,-0.2783860104017523,0.014147321639783017,-2.0977311290988774,0.0023803530578489496,1.2199311022686536,-0.7853,8.423472812972704e-05,2
0,47,0.11598997563123703,-0.20552366971969604,0.47491952776908875,0.397238165140152,0.004143328964710244,0.5002662125229835,0.0025989134277632003,-0.270292267477821,0.007254258871264782,-2.1063434679909743,0.00033919297663095004,1.219836510933026,-0.7853,7.630249040301219e-05,2
0,48,0.10976631194353104,-0.20487970113754272,0.4660615622997284,0.39756014943122864,-0.0014579683542251531,0.49362273842096327,-0.0035283863911970987,-0.2613507702542769,0.00045298803638247134,-2.11408314463783,-0.0016602162663899196,1.2204994496965809,-0.7853,6.949561601673483e-05,2
0,49,0.10373064130544662,-0.2038407325744629,0.45741355419158936,0.39807963371276855,-0.006890071928501121,0.487136732339859,-0.009516538490378272,-0.25173601976704396,-0.006147388152163895,-2.120792688415014,-0.0035853963669147774,1.2219081458914547,-0.7853,6.360577508019627e-05,2
0,50,0.09849197417497635,-0.20320014655590057,0.45011287927627563,0.3983999267220497,-0.011604872345924375,0.4816612261533737,-0.0147429267429512,-0.24351939369394052,-0.011886591429103699,-2.126369691107876,-0.005233576858222002,1.2232370799890486,-0.7853,7.640326925476671e-05,2
0,51,0.09802231192588806,-0.20453013479709625,0.450010746717453,0.3977349326014519,-0.012027568370103825,0.4815846267342567,-0.0147429267429512,-0.24351939369394052,-0.011886591429103699,-2.126369691107876,-0.005233576858222002,1.2232370799890486,-0.7853,0.000859172108097365,1
0,52,0.09767457097768784,-0.20563532412052155,0.44953685998916626,0.3971823379397392,-0.012340535223484037,0.48122921168804167,-0.015581284785146709,-0.24548684331012727,-0.012899636207677366,-2.1294863880084796,-0.005413834131386805,1.2213904547208392,-0.7853,0.0001542884074784029,2
0,53,0.09740383923053741,-0.20708757638931274,0.44906914234161377,0.39645621180534363,-0.012584193795919407,0.4808784234523773,-0.015581284785146709,-0.24548684331012727,-0.012899636207677366,-2.1294863880084796,-0.005413834131386805,1.2213904547208392,-0.7853,0.000984663514424039,1
0,54,0.09720782190561295,-0.2085791379213333,0.4487042725086212,0.39571043103933334,-0.012760609388351427,0.4806047710776329,-0.016065260906252113,-0.24800641560694503,-0.0135251966519411,-2.1335841923398022,-0.005476689777784447,1.218887149931039,-0.7853,0.00016107402332327068,2
0,55,0.09706569463014603,-0.20953644812107086,0.44844135642051697,0.39523177593946457,-0.012888523936271656,0.4804075840115547,-0.016065260906252113,-0.24800641560694503,-0.0135251966519411,-2.1335841923398022,-0.005476689777784447,1.218887149931039,-0.7853,0.0006861434235607341,1
0,56,0.0972689613699913,-0.2094707041978836,0.4480198621749878,0.3952646479010582,-0.012705583870410916,0.4800914633274078,-0.016065260906252113,-0.24800641560694503,-0.0135251966519411,-2.1335841923398022,-0.005476689777784447,1.218887149931039,-0.7853,0.0008078383964917606,1
0,57,0.09791381657123566,-0.20986387133598328,0.44789791107177734,0.39506806433200836,-0.012125214189290995,0.48,-0.016065260906252113,-0.24800641560694503,-0.0135251966519411,-2.1335841923398022,-0.005476689777784447,1.218887149931039,-0.7853,0.0011980756376316567,1
0,58,0.0997372716665268,-0.21032166481018066,0.44815003871917725,0.39483916759490967,-0.010484104603528971,0.4801890957355499,-0.01349754047409601,-0.24966656444540297,-0.01090856814203528,-2.1363102751287864,-0.0045399276245610826,1.2173305225043622,-0.7853,0.0001485076748166913,2
0,59,0.10238514840602875,-0.2107122242450714,0.4493606686592102,0.3946438878774643,-0.008101015537977208,0.48109706819057463,-0.01075333399221238,-0.2515737186882061,-0.008107935137466118,-2.1359353275806026,-0.0035658068683948442,1.2169922096363632,-0.7853,0.00013617175890493242,2
0,60,0.10544732958078384,-0.21093828976154327,0.4522779881954193,0.39453085511922836,-0.0053450524806976235,0.48328505784273146,-0.007584133975208546,-0.25498779622704504,-0.004855650246789927,-2.133817780887027,-0.0024679199514914462,1.2167543078625962,-0.7853,0.00012785780800541512,2
0,61,0.10889944434165955,-0.2111123502254486,0.4575667977333069,0.3944438248872757,-0.002238149195909492,0.48725166499614714,-0.004016994320029575,-0.26064980916201497,-0.0011798965065547688,-2.1294483396687496,-0.0012560470953618377,1.216524561981368,-0.7853,0.00011145233353101241,2
0,62,0.1125345379114151,-0.21151462197303772,0.465774267911911,0.39424268901348114,0.0010334350168705042,0.49340726763010023,-0.0002714331268831821,-0.2692636572495575,0.0026855321105840723,-2.1225141096443974,-3.678457110680919e-06,1.216148062090826,-0.7853,8.378951876885075e-05,2
0,63,0.11589488387107849,-0.21225504577159882,0.47634780406951904,0.3938724771142006,0.0040577463805675645,0.5013374197483063,0.0031832452843789066,-0.28017510432259357,0.006237998278467666,-2.113440306000827,0.0011338098659674086,1.2157279611668268,-0.7853,5.514555094769937e-05,2
0,64,0.11930183321237564,-0.21291488409042358,0.4880346953868866,0.3935425579547882,0.007124000787734994,0.5101025882363319,0.006664483334685594,-0.2915223045740222,0.009821634198203363,-2.102783945310539,0.0022650196917761633,1.2158136621983764,-0.7853,3.353945799777994e-05,2
0,65,0.12320845574140549,-0.21306383609771729,0.5001004934310913,0.39346808195114136,0.01063996106386185,0.5191519367694855,0.010612339737840197,-0.3020262816027257,0.013919899930675344,-2.090719462197342,0.0035382944886010893,1.2168710324378038,-0.7853,1.756243919335488e-05,2
0,66,0.12741008400917053,-0.2126135528087616,0.5122312307357788,0.3936932235956192,0.014421426504850399,0.5282499897480011,0.014806637660696498,-0.31125531335314216,0.01829970019366128,-2.0774622748211296,0.004879631149468345,1.2189930907521769,-0.7853,1.4703400794157062e-05,2
0,67,0.1314767748117447,-0.2117510586977005,0.5243577361106873,0.39412447065114975,0.018081448227167132,0.5373448687791824,0.018815706652634653,-0.3193797792184122,0.022488884637438897,-2.0633342358828313,0.006144664694238695,1.2219756496929917,-0.7853,1.880030768675008e-05,2
0,68,0.13490906357765198,-0.21045950055122375,0.5365829467773438,0.3947702497243881,0.021170508116483702,0.5465137767791748,0.022152328707940476,-0.32652303978781927,0.025946532342675774,-2.0482938462759446,0.007174203525056231,1.225791288471959,-0.7853,2.322593260294565e-05,2
0,69,0.1376393437385559,-0.2088531255722046,0.5490067005157471,0.3955734372138977,0.02362776026129723,0.5558315920829773,0.02476242775208956,-0.33291836955314286,0.028607802690407934,-2.032404610139565,0.007954772339159711,1.2303235528255556,-0.7853,2.741132271773509e-05,2
0,70,0.1395246982574463,-0.20677347481250763,0.5616506934165955,0.3966132625937462,0.02532457932829857,0.5653145867586136,0.02651722824662693,-0.3384146247952977,0.030325945021579297,-2.015519320370608,0.008450629478685048,1.235705603947492,-0.7853,3.3467801267134026e-05,2
0,71,0.1404985934495926,-0.2039686143398285,0.5744966864585876,0.39801569283008575,0.02620108500123025,0.5749490815401077,0.027361982405303322,-0.3427073403169029,0.031037998393617674,-1.9974328288529557,0.008652007091294529,1.2421594174319412,-0.7853,4.25513181651214e-05,2
0,72,0.14065703749656677,-0.20036999881267548,0.5875152945518494,0.39981500059366226,0.026343684643507004,0.584713037610054,0.027403735494702736,-0.3456722624916047,0.03086281199550288,-1.9781186013454726,0.008600769779971715,1.2497564128544325,-0.7853,5.367450797007421e-05,2
0,73,0.13978108763694763,-0.19621022045612335,0.6001183986663818,0.4018948897719383,0.025555329769849783,0.5941653656959534,0.026474147884198676,-0.34727673191779845,0.029601004658021273,-1.9585551993565653,0.008245066202898225,1.258069261481884,-0.7853,5.442467759810956e-05,2
0,74,0.13809441030025482,-0.19126653671264648,0.6119860410690308,0.40436673164367676,0.024037320166826262,0.60306609749794,0.024800050155813554,-0.3471547916799382,0.02751297931510174,-1.9389435671333821,0.007665253782407427,1.2671449690846648,-0.7853,5.278425663852949e-05,2
0,75,0.136027529835701,-0.1854238212108612,0.6233314871788025,0.4072880893945694,0.022177127748727807,0.6115751820802688,0.022785729552996035,-0.34530727483728735,0.025064287973164623,-1.9189126375708254,0.006995567997012,1.2771523632758477,-0.7853,5.540513972674593e-05,2
0,76,0.1336393505334854,-0.17873342335224152,0.6341913938522339,0.41063328832387924,0.020027766376733785,0.6197201120853424,0.020497286775442297,-0.3418494344447824,0.022326515052011307,-1.89848837398905,0.0062577764594993245,1.288034186839573,-0.7853,5.891923080966608e-05,2
0,77,0.13111403584480286,-0.17123836278915405,0.6445736289024353,0.414380818605423,0.017754983156919493,0.6275067883729935,0.018109955755178177,-0.3368662935180667,0.019500617863544924,-1.8777113489368509,0.005506834305374196,1.2997384190233199,-0.7853,6.228254560762182e-05,2
0,78,0.12873247265815735,-0.16270385682582855,0.6542373299598694,0.4186480715870857,0.015611576288938528,0.634754564166069,0.015871379978224524,-0.33002421167014356,0.01687737573249215,-1.8566657699573919,0.004818580722850822,1.3123481611140482,-0.7853,6.320871266526359e-05,2
0,79,0.12654192745685577,-0.15317800641059875,0.6630781888961792,0.4234109967947006,0.01364008560776711,0.6413852083683014,0.013823563126442135,-0.3214277734478985,0.014501554501519343,-1.8355696038081413,0.004202319170771216,1.3257133141651685,-0.7853,6.375205347367499e-05,2
0,80,0.12447531521320343,-0.14315712451934814,0.6712239384651184,0.4284214377403259,0.011780134588479999,0.6474945205450058,0.011913937775598859,-0.31178739181393866,0.012303213563379538,-1.8147737612496233,0.0036378714839171667,1.339392128132676,-0.7853,6.431072484787679e-05,2
0,81,0.12246586382389069,-0.13288800418376923,0.6788464188575745,0.4335559979081154,0.009971628338098532,0.6532113808393478,0.010085140670629407,-0.30150444041405255,0.010210312726548605,-1.7943164725628125,0.00310602782388172,1.3532120786052038,-0.7853,6.651177818678785e-05,2
0,82,0.12056697905063629,-0.12235955893993378,0.6859663724899292,0.4388202205300331,0.00826263204216958,0.6585513460636139,0.008379824194394246,-0.2906039997636568,0.008271162315637718,-1.7741647049084985,0.0026177880236417954,1.3671753596768417,-0.7853,6.964550345945551e-05,2
0,83,0.11888962239027023,-0.11155863106250763,0.6924723386764526,0.4442206844687462,0.006753011047840124,0.6634308207035065,0.00688726523020368,-0.2790741440478466,0.006588538999321601,-1.7544551916428173,0.002196492537051085,1.381210976343725,-0.7853,7.203023708619102e-05,2
0,84,0.11738820374011993,-0.10065648704767227,0.6984026432037354,0.44967175647616386,0.005401734262704863,0.6678785490989685,0.005564646870477339,-0.26716877602889066,0.005109551456753914,-1.7353170776047018,0.001827888305376814,1.3951549852520133,-0.7853,7.40953239737002e-05,2
0,85,0.11609787493944168,-0.08960868418216705,0.7035762071609497,0.4551956579089165,0.004240438342094435,0.6717587220668793,0.004436450406969517,-0.2548324231633566,0.003860928533313692,-1.7169564251615723,0.0015167488364742948,1.408911475951348,-0.7853,7.528942786832389e-05,2
0,86,0.11498391628265381,-0.07845558226108551,0.7081021070480347,0.46077220886945724,0.003237875550985342,0.675153146982193,0.003469273503360292,-0.242173412485773,0.002801904820785015,-1.6992751325280853,0.0012524501378405018,1.422484319410178,-0.7853,7.771729647476496e-05,2
0,87,0.11403121799230576,-0.06724215298891068,0.7121038436889648,0.46637892350554466,0.002380447089672097,0.6781544494628906,0.0026472771662442145,-0.2292886625579821,0.0019124801574248488,-1.6821523770546607,0.0010294559122312646,1.4358961045632768,-0.7853,8.109138486067722e-05,2
0,88,0.11321405321359634,-0.055975522845983505,0.7157022953033447,0.47201223857700825,0.001644998788833632,0.6808532881736755,0.001946416273213231,-0.21622044654825087,0.0011635850938268746,-1.6654308675460137,0.0008404379714330849,1.4492105573267815,-0.7853,8.560864795248368e-05,2
0,89,0.11249618977308273,-0.044666655361652374,0.7189351320266724,0.4776666723191738,0.0009989216923713823,0.6832779157161712,0.0013350004219323391,-0.20299541773143104,0.0005179184294318111,-1.6490668354346607,0.000676502489064917,1.462437972986271,-0.7853,9.049219374339958e-05,2
0,90,0.11184262484312057,-0.0333363339304924,0.7218239903450012,0.4833318330347538,0.0004107132554054399,0.6854445594549179,0.0007831213185794587,-0.1896485241305742,-5.916709126386566e-05,-1.633049145549202,0.0005296438145204239,1.4755688278068555,-0.7853,9.54325957739475e-05,2
0,91,0.11123452335596085,-0.021974097937345505,0.7243424654006958,0.48901295103132725,-0.00013657808303832453,0.6873334157466888,0.00027446480272697753,-0.17617043454298137,-0.0005864553646603849,-1.6173995833842079,0.0003955093745445599,1.4885907486816978,-0.7853,0.0001003783110907859,2
0,92,0.11066427081823349,-0.010559765622019768,0.7264299392700195,0.4947201171889901,-0.0006498053669929393,0.6888990211486816,-0.0001980083806120007,-0.16253676002166678,-0.0010720576858603637,-1.6021750867210853,0.0002721341815692986,1.501476476128191,-0.7853,0.00010519159074937637,2
0,93,0.11012005805969238,0.0008705569198355079,0.7281954884529114,0.5004352784599178,-0.0011395968496799441,0.6902231830358505,-0.000644570154257728,-0.1488086964205725,-0.0015274710580046983,-1.5872619509743364,0.00015693646672256336,1.514264441864624,-0.7853,0.00011043440789771937,2
0,94,0.10961171984672546,0.012303438037633896,0.7296351790428162,0.506151719018817,-0.0015971012413501656,0.6913029509782791,-0.0010580210300306357,-0.13500339478009668,-0.0019448534516826625,-1.572674677416133,5.135776441451723e-05,1.5269376111475692,-0.7853,0.00011554310218632658,2
0,95,0.10914130508899689,0.023753667250275612,0.7306748032569885,0.5118768336251378,-0.002020474523305879,0.6920826691389084,-0.0014375102957303219,-0.12109955422911971,-0.0023234567911299708,-1.5584937188943333,-4.4641635815382814e-05,1.539454195409857,-0.7853,0.00012036203180998207,2
0,96,0.1087019070982933,0.03518759831786156,0.7314049601554871,0.5175937991589308,-0.0024159327149391036,0.6926302868127823,-0.001789244614134915,-0.10714912029222531,-0.002670143964508533,-1.5446291024533811,-0.00013261588197675665,1.5518440304554222,-0.7853,0.00012542137597764102,2
0,97,0.10823765397071838,0.04660259187221527,0.7318688631057739,0.5233012959361076,-0.002833760529756535,0.6929782140254974,-0.0021581360671686454,-0.09315825357586847,-0.0030330366255435057,-1.5310203964913047,-0.000222178749199828,1.5641364771747126,-0.7853,0.00013084291558039432,2
0,98,0.1077500581741333,0.058002129197120667,0.7321980595588684,0.5290010645985603,-0.003272596746683107,0.6932251113653183,-0.0025428751568992176,-0.0791313122761055,-0.0034101323887198343,-1.5174817033247927,-0.0003129132415080263,1.5764343605714637,-0.7853,0.0001373188595318361,2
0,99,0.10721886903047562,0.06940321624279022,0.7323495149612427,0.5347016081213951,-0.0037506669759750227,0.693338702917099,-0.0029596512883540583,-0.06503977709746614,-0.003817848873578007,-1.5040450205092724,-0.0004079281398011674,1.5887276008942919,-0.7853,0.00014391363507557082,2
0,100,0.1066218912601471,0.08081948012113571,0.7322582602500916,0.5404097400605679,-0.004287946969270692,0.6932702618837356,-0.003425989600664718,-0.05086070748485247,-0.004273527077505856,-1.4907766163164848,-0.0005103970421667128,1.6009838203798514,-0.7853,0.00015040409740606068,2
0,101,0.10598074644804001,0.09225339442491531,0.7319803237915039,0.5461266972124577,-0.004864977300167078,0.6930618095397949,-0.003924664045455715,-0.03659359603543178,-0.004758091755930058,-1.477593289099287,-0.0006165959267122933,1.6132496791326452,-0.7853,0.00015744853691773128,2
0,102,0.10531748831272125,0.10370571911334991,0.7315821647644043,0.551852859556675,-0.0054619096219539615,0.6927631902694702,-0.004438460733380245,-0.022237795158237136,-0.005252893524969758,-1.4643984937194203,-0.0007229950701776315,1.625580707659509,-0.7853,0.00016515829639317947,2
0,103,0.10462707281112671,0.11517783254384995,0.7311127781867981,0.557588916271925,-0.0060832835733890395,0.6924111503362655,-0.004971727616260044,-0.007789196031294408,-0.00576158831853382,-1.451117996710324,-0.0008302363625426248,1.6380215862299532,-0.7853,0.0001735070053607862,2
0,104,0.10395155847072601,0.12670119106769562,0.7306322455406189,0.5633505955338478,-0.0066912464797496685,0.6920507508516311,-0.005491501514567668,0.006792673441893235,-0.006250187315048852,-1.4376282589705633,-0.0009321725556252832,1.6506585365999158,-0.7853,0.0001830642948164152,2
0,105,0.10320130735635757,0.13826070725917816,0.7301684021949768,0.5691303536295891,-0.007366472482681269,0.6917028683423996,-0.006069175941441641,0.021498009698438923,-0.006789479814467913,-1.4238985672744702,-0.0010414469686994175,1.6635082734056648,-0.7853,0.00019314204821904618,2
0,106,0.10212138295173645,0.1497989445924759,0.7295789122581482,0.574899472296238,-0.00833840444684028,0.6912607508897781,-0.006905802674329935,0.03627549266167064,-0.007576074263199256,-1.4101733614495127,-0.001192258210657147,1.6764108052324653,-0.7853,0.00020197038341326676,2
0,107,0.10050934553146362,0.16126951575279236,0.7286819219589233,0.5806347578763962,-0.009789238125085822,0.6905880081653595,-0.00815966285494165,0.05108307702952136,-0.008758849883458741,-1.3967412651747277,-0.0014093421588248368,1.6891796427459518,-0.7853,0.00020937934672913178,2
0,108,0.09816113859415054,0.17253270745277405,0.7273824214935303,0.586266353726387,-0.011902624368667597,0.6896133828163147,-0.009990515385227158,0.06575968171542608,-0.010483210502642329,-1.383888192681298,-0.001715937768365545,1.7015896491441709,-0.7853,0.00021479185097919538,2
0,109,0.09502651542425156,0.1834133267402649,0.7256258130073547,0.5917066633701324,-0.014723785221576677,0.688295926451683,-0.012437169538663839,0.08009565480861122,-0.012773951430680141,-1.371897720752601,-0.0021141407291306357,1.7133995431613498,-0.7853,0.00021765310957658045,2
0,110,0.09118892252445221,0.19383706152439117,0.7233371138572693,0.5969185307621956,-0.018177618831396097,0.6865794020891189,-0.015433792173847848,0.09400552068696755,-0.015555741255648133,-1.3609618778857637,-0.002589390074955497,1.7244598570199796,-0.7853,0.00021884637279130927,2
0,111,0.08659150451421738,0.20364166796207428,0.7203540205955505,0.6018208339810371,-0.022315295040607447,0.6843420821428299,-0.01902660791358283,0.1073055215467874,-0.018861104092666277,-1.3514893240635062,-0.0031452176897329145,1.734458036588954,-0.7853,0.0002170503638029014,2
0,112,0.0813974142074585,0.21239301562309265,0.7167285084724426,0.6061965078115463,-0.026989976316690437,0.681622948050499,-0.02309002723036173,0.11944250520180776,-0.0225634141698312,-1.34397988713262,-0.0037591934075236946,1.7429105711705282,-0.7853,0.00020774570703712184,2
0,113,0.0758701041340828,0.21999089419841766,0.7124449610710144,0.6099954470992088,-0.03196455538272856,0.6784102874994278,-0.027418805913989243,0.13026668030815935,-0.026468700080950494,-1.3386299487923303,-0.004399265523047169,1.7496423227000868,-0.7853,0.00019483913258667822,2
0,114,0.07003849744796753,0.22661134600639343,0.7075352668762207,0.6133056730031967,-0.0372130014002323,0.6747280168533325,-0.03199060701094629,0.14001153612996073,-0.030556860925893898,-1.335177341650138,-0.005062677932520543,1.7548778102677933,-0.7853,0.00018478866423675026,2
0,115,0.06378594040870667,0.2321409285068512,0.7019997239112854,0.6160704642534256,-0.04284030273556708,0.670576359629631,-0.036899349048203745,0.14857896675227514,-0.034915617927502314,-1.3337354793278238,-0.005763470377189899,1.7585142943078154,-0.7853,0.00017465422816898867,2
0,116,0.05711193010210991,0.23611541092395782,0.6956255435943604,0.6180577054619789,-0.048846912011504165,0.6657957243919372,-0.04215063193619496,0.15541902642958252,-0.03955519751861255,-1.3351769045762516,-0.0065023716743289545,1.7598494000453015,-0.7853,0.00015859298364387551,2
0,117,0.05017442628741264,0.23848886787891388,0.6884003281593323,0.6192444339394569,-0.05509066544473171,0.6603768128156662,-0.047622315350259306,0.16049603227636894,-0.04437347409875263,-1.339586543765727,-0.007264231431460035,1.7588220752583317,-0.7853,0.00014261860111380455,2
0,118,0.04303896427154541,0.23983173072338104,0.6804488897323608,0.6199158653616905,-0.06151258125901222,0.6544132339954376,-0.05325822863920961,0.1646011529860305,-0.04932588160670521,-1.3459961557991307,-0.008045349688592836,1.7562693653310746,-0.7853,0.00013521040321324808,2
0,119,0.03583356365561485,0.24074864387512207,0.6719202399253845,0.620374321937561,-0.06799744181334971,0.6480167466402054,-0.05895070229064275,0.16856021901606563,-0.05431621602499069,-1.3533471451775643,-0.008833814124067677,1.7530920034201884,-0.7853,0.00013438355995699556,2
0,120,0.028813151642680168,0.24135249853134155,0.6630634069442749,0.6206762492656708,-0.07431581262499093,0.6413741219043732,-0.06449919399131651,0.1724813789113767,-0.059164520031686915,-1.3611886021653818,-0.009602415429215581,1.749599846182737,-0.7853,0.00013181313629201117,2
0,121,0.02251322939991951,0.2415262758731842,0.6542990207672119,0.6207631379365921,-0.07998574264347552,0.6348008322715759,-0.06948831979416652,0.17600306373545502,-0.06350137801515547,-1.369335359487684,-0.010292602050028436,1.7457958682713712,-0.7853,0.00012077797400328002,2
0,122,0.01683950237929821,0.24172183871269226,0.6459187865257263,0.6208609193563461,-0.0850920969620347,0.6285156565904617,-0.07398629626477715,0.17960742836761984,-0.06738749519651076,-1.3768867133233955,-0.010916095281748727,1.7423706947498172,-0.7853,0.00011422112672446446,2
0,123,0.011660673655569553,0.24245235323905945,0.6380267143249512,0.6212261766195297,-0.08975304281339049,0.6225966024398804,-0.0780852130392109,0.18391249932001624,-0.0708989231084652,-1.3830323829598088,-0.011486661838283304,1.7399956212505776,-0.7853,0.0001144226693789409,2
0,124,0.006944576743990183,0.24378567934036255,0.6306355595588684,0.6218928396701813,-0.09399753003381192,0.6170532363653183,-0.0818080252488862,0.18895930762952304,-0.07405152996071619,-1.38769252220119,-0.012005920286357424,1.738726080717498,-0.7853,0.00011676733229711826,2
0,125,0.0027817334048449993,0.2455519735813141,0.6238570809364319,0.622775986790657,-0.09774408903904258,0.6119693773984909,-0.08508825587963888,0.19441676972940103,-0.07678575355810768,-1.3910577343413022,-0.012462481719634556,1.7383438347842468,-0.7853,0.00011727767822138415,2
0,126,-0.0006823436706326902,0.24786172807216644,0.6178698539733887,0.6239308640360832,-0.10086175840697251,0.6074789571762085,-0.08780951014184799,0.20025800573838393,-0.07899646087464926,-1.3929053559841764,-0.01283925011099044,1.7389693873003353,-0.7853,0.00011886813504215626,2
0,127,-0.003705930197611451,0.25094497203826904,0.6133331656455994,0.6254724860191345,-0.1035829862812534,0.6040764409303665,-0.09016908661773894,0.20662297104265584,-0.08085781067711144,-1.3921804414757488,-0.0131666869970387,1.7412732198979732,-0.7853,0.0001275354915572978,2
0,128,-0.005910004023462534,0.25466397404670715,0.6104020476341248,0.6273319870233536,-0.10556665272451937,0.6018781024217605,-0.09187538118567362,0.21309828892772154,-0.0821137643606991,-1.3891045686523378,-0.013401736181808592,1.7449970695258719,-0.7853,0.00013587861360452714,2
0,129,-0.006998155731707811,0.2585148811340332,0.6084346771240234,0.6292574405670166,-0.10654598926194012,0.6004025745391846,-0.09271129200612824,0.21907006903977688,-0.08258421202850104,-1.3852217709033978,-0.01350994871350664,1.749040225391535,-0.7853,0.00013694750355217034,2
0,130,-0.006751654669642448,0.26192009449005127,0.607779324054718,0.6309600472450256,-0.10632413830608128,0.5999110597372055,-0.09252118831473319,0.2235836466065264,-0.08215632490462109,-1.3811182353823164,-0.013471647129655286,1.7527705112141259,-0.7853,0.00013245773857864203,2
0,131,-0.005617152899503708,0.2646706998348236,0.6086663603782654,0.6323353499174118,-0.10530308671295642,0.600576336979866,-0.09165828143560031,0.22646490967318197,-0.08115760968545324,-1.3766987978429834,-0.013339975849294665,1.756201707739283,-0.7853,0.00013055707853155835,2
0,132,-0.004169020336121321,0.2664789855480194,0.6105983853340149,0.6332394927740097,-0.10399976740591227,0.6020253556966781,-0.09057654601108805,0.22773741561614216,-0.07999559916475008,-1.3726327176591449,-0.013177848494990175,1.7589515661521984,-0.7853,0.00012508180510133852,2
0,133,-0.0029086770955473185,0.2672417163848877,0.612678587436676,0.6336208581924438,-0.10286545848939567,0.603585507273674,-0.08966635966878723,0.22771879988831994,-0.07901233789100802,-1.3697976845240514,-0.01303715099599976,1.76059513657133,-0.7853,0.0001134122600851569,2
0,134,-0.0019297184189781547,0.26694339513778687,0.6146852970123291,0.6334716975688934,-0.10198439568048343,0.6050905394554138,-0.08899812703687816,0.22646410770506925,-0.0782704661324524,-1.36843275871081,-0.012927770637938568,1.7610030433929966,-0.7853,9.98864176868528e-05,2
0,135,-0.0012875660322606564,0.26563823223114014,0.6167675256729126,0.6328191161155701,-0.10140645853243768,0.6066522109508514,-0.08861248937550291,0.22401138906290952,-0.07780676475344644,-1.368291214300546,-0.012857079978995673,1.7603313900270687,-0.7853,8.813147247640864e-05,2
0,136,-0.0008145791362039745,0.26344186067581177,0.6190256476402283,0.6317209303379059,-0.10098077032598667,0.6083458024263382,-0.08837473207969988,0.22042123075636397,-0.07750351347321466,-1.369161674807674,-0.012808098966297324,1.7587209155258525,-0.7853,7.801374112173245e-05,2
0,137,-0.00032948865555226803,0.2605290412902832,0.621503472328186,0.6302645206451416,-0.10054418889340012,0.6102041709423065,-0.08813783122598072,0.2158443527975687,-0.07723046624667501,-1.3708094184784991,-0.01276182731744586,1.7563536949844012,-0.7853,6.972060384144301e-05,2
0,138,0.00022329771309159696,0.2570563852787018,0.6240758895874023,0.6285281926393509,-0.10004668116162065,0.6121334838867187,-0.08785343847550918,0.21050161496878597,-0.07694246241866534,-1.3731532732034917,-0.012711957665116593,1.7533421851449429,-0.7853,6.22376170967865e-05,2
0,139,0.0007505801040679216,0.2532559931278229,0.6268377304077148,0.6266279965639114,-0.09957212700974195,0.6142048645019531,-0.08758879351406039,0.20470555570313811,-0.07669464862518265,-1.3757197090223672,-0.012669077390328336,1.7500631632809798,-0.7853,5.8376379833463474e-05,2
0,140,0.0011750549310818315,0.24904119968414307,0.6300007700920105,0.6245205998420715,-0.09919009966542944,0.6165771442651748,-0.08740803835410749,0.19833561860674553,-0.07654546149340229,-1.3783485340567292,-0.012643014750207737,1.7465770010837642,-0.7853,5.5575308821280975e-05,2
0,141,0.0015138501767069101,0.2443828135728836,0.6335050463676453,0.6221914067864418,-0.09888518394436686,0.6192053514719009,-0.08729904132027931,0.19137286752349683,-0.07648439940610052,-1.3811330700990403,-0.012632014542380644,1.7428214888125766,-0.7853,5.225988588234612e-05,2
0,142,0.0021103499457240105,0.23936089873313904,0.6372702717781067,0.6196804493665695,-0.09834833415225147,0.622029270529747,-0.0869903566881667,0.18381784657965158,-0.07626857900715266,-1.3841694540250107,-0.012597121769564344,1.7387350997767312,-0.7853,4.816169743668248e-05,2
0,143,0.003181369509547949,0.2340582311153412,0.6411757469177246,0.6170291155576706,-0.09738441654480993,0.6249583768844604,-0.0863080071109693,0.1757296955381134,-0.07573906430043033,-1.3875474731673216,-0.012512366252010519,1.7342785725397851,-0.7853,4.352810121691363e-05,2
0,144,0.004908998962491751,0.22846443951129913,0.6449993848800659,0.6142322197556496,-0.09582955003716051,0.6278261053562164,-0.08510747383666269,0.16708562878302216,-0.07476206676776308,-1.3915838432417043,-0.01235468207379356,1.729252565213507,-0.7853,3.706890187918644e-05,2
0,145,0.00723879411816597,0.22246766090393066,0.6484265327453613,0.6112338304519653,-0.09373273439705371,0.630396466255188,-0.08343233586555338,0.15783749024549748,-0.0733721748528381,-1.3967519821089396,-0.012127555823973672,1.7233588555869817,-0.7853,2.806792734311701e-05,2
0,146,0.01025939267128706,0.21598297357559204,0.6512099504470825,0.607991486787796,-0.09101419569924474,0.6324840295314789,-0.08121427813852601,0.1479019216726395,-0.07150196724115349,-1.4034711386881282,-0.01181802319836863,1.716320586538502,-0.7853,1.868001077515138e-05,2
0,147,0.013987497426569462,0.20892846584320068,0.6531782746315002,0.6044642329216003,-0.08765890141949056,0.6339602726697922,-0.07844122966137466,0.13721933743622802,-0.06913296771610593,-1.4120345247803994,-0.011421251315009076,1.7079460791037895,-0.7853,1.4713606008315028e-05,2
0,148,0.018266750499606133,0.20130622386932373,0.6541954874992371,0.6006531119346619,-0.08380757365375757,0.6347231823205948,-0.0752351105366329,0.12590063264024934,-0.06636702510642604,-1.42251188387453,-0.010952891775122556,1.6982330767198315,-0.7853,2.0394338039339205e-05,2
0,149,0.023261835798621178,0.19337902963161469,0.6542636156082153,0.5966895148158073,-0.07931199688464402,0.6347742784023285,-0.07145976380672245,0.11425833777171397,-0.06306588067167634,-1.4345761138080835,-0.010389548468641971,1.6874766876672098,-0.7853,2.781016371354822e-05,2
0,150,0.029130931943655014,0.18538148701190948,0.6536337733268738,0.5926907435059547,-0.07402981035411357,0.6343018966913223,-0.066983265113299,0.10254426406922268,-0.059093070873293685,-1.4476294610059852,-0.00970767335267923,1.6761150314543294,-0.7853,3.305638913906687e-05,2
0,151,0.0355689711868763,0.1773976981639862,0.6523293256759644,0.5886988490819931,-0.06823557503521441,0.6333235609531402,-0.06204008194254611,0.09101742540590406,-0.054655443430846655,-1.4613822683521207,-0.0089409645720874,1.6644087347717678,-0.7853,3.759834314913834e-05,2
0,152,0.04251754283905029,0.16943809390068054,0.650341808795929,0.5847190469503403,-0.06198186054825782,0.6318329232931137,-0.05667531904288509,0.07975948261942738,-0.0497871112544981,-1.4757758242087347,-0.008093398381777691,1.652425788426472,-0.7853,4.209935120170229e-05,2
0,153,0.04990573599934578,0.16161152720451355,0.6477810144424438,0.5808057636022568,-0.055332486703991886,0.6299123275279999,-0.050939495951343894,0.06894771903943814,-0.04452873782828884,-1.4904909576881726,-0.007170824040781501,1.640415783095233,-0.7853,4.5671777539131025e-05,2
0,154,0.057607997208833694,0.1539613902568817,0.6447439789772034,0.5769806951284409,-0.04840045161545276,0.6276345509290695,-0.04492790416857177,0.05868603421242498,-0.03896676103039902,-1.5053000340111446,-0.006187237472673807,1.6285503567958879,-0.7853,4.8679698344673145e-05,2
0,155,0.06558096408843994,0.14640748500823975,0.6413102149963379,0.5732037425041199,-0.04122478142380714,0.6250592279434204,-0.0386743561609838,0.0488994347319385,-0.03313143258486954,-1.5201814092841002,-0.0051465530439310445,1.6168240064271782,-0.7853,5.1871026160074044e-05,2
0,156,0.07370965927839279,0.13886809349060059,0.6375677585601807,0.5694340467453003,-0.033908955752849565,0.6222523856163025,-0.032267731507490245,0.03951373859411941,-0.027107465242515005,-1.535098057876382,-0.004062918357960094,1.605239848566697,-0.7853,5.5056114591679444e-05,2
0,157,0.081907257437706,0.1312391757965088,0.6336876153945923,0.5656195878982544,-0.02653111740946769,0.6193422782421112,-0.025775025850540787,0.030383016100749387,-0.02095984634667626,-1.5499652475176298,-0.002947385978307284,1.5938043269017528,-0.7853,5.8122190241035094e-05,2
0,158,0.09009037911891937,0.12345586717128754,0.6298699378967285,0.5617279335856438,-0.019166307896375648,0.6164790201187134,-0.019259309708587163,0.021381062373680995,-0.01475049803791267,-1.5646295974236566,-0.0018108693712774553,1.5825668372625101,-0.7853,6.084113105012695e-05,2
0,159,0.09815580397844315,0.11529915034770966,0.6261520981788635,0.5576495751738548,-0.011907425522804257,0.6136906403303146,-0.0128014450106697,0.012233060259466551,-0.008559721625190597,-1.5793145731003777,-0.0006679220868484577,1.571314510667694,-0.7853,6.493075311096118e-05,2
0,160,0.10591001063585281,0.10655134171247482,0.6225025057792664,0.5532756708562374,-0.004928639531135551,0.6109534460306167,-0.006552254484650558,0.0026820619006379318,-0.0025377105816720797,-1.5943234161451874,0.0004529046072929174,1.5597965366819904,-0.7853,7.11723380348615e-05,2
0,161,0.11305797100067139,0.09711412340402603,0.6187483072280884,0.548557061702013,0.0015045247972011594,0.6081377971172333,-0.0007428976825437543,-0.007351903305630262,0.0030834764993525826,-1.609982958323301,0.0015060753842794643,1.5478076262627705,-0.7853,7.988548793892516e-05,2
0,162,0.11920976638793945,0.08695734292268753,0.6148747205734253,0.5434786714613438,0.007041140645742419,0.6052326071262359,0.004316526461291585,-0.017942759367635848,0.007988839118150688,-1.6263901796658318,0.0024281003092011828,1.5352747790330352,-0.7853,9.099103420800445e-05,2
0,163,0.12396685034036636,0.0762571394443512,0.6111050248146057,0.5381285697221756,0.011322516202926639,0.6024053353071213,0.008301525986530682,-0.029042661850092674,0.011843643143980329,-1.6431689328360264,0.0031495503486475836,1.522424702878185,-0.7853,0.00010283881391284427,2
0,164,0.12738053500652313,0.06541956961154938,0.607396125793457,0.5327097848057747,0.014394832402467736,0.5996236610412597,0.011237964457336444,-0.040238062767212854,0.014662805507528567,-1.659955981901943,0.00366960131611927,1.5095913529796694,-0.7853,0.00011192377086310575,2
0,165,0.12956450879573822,0.05515388399362564,0.6034225821495056,0.5275769419968128,0.01636040881276131,0.5966435033082962,0.013198105769489836,-0.05060809377401829,0.016508763093921654,-1.67630723961038,0.003997312322074599,1.4973173144784346,-0.7853,0.00011523941472971623,2
0,166,0.1311473548412323,0.04665466025471687,0.5983213782310486,0.5233273301273584,0.017784970253705984,0.5928176003694534,0.0146659931025414,-0.05836642142504316,0.017868114658497726,-1.691739695243994,0.004231108187741397,1.4864538738953272,-0.7853,0.00010761776471626474,2
0,167,0.13223503530025482,0.03971242532134056,0.5918105244636536,0.5198562126606703,0.018763882666826256,0.5879344600439071,0.015723440602158273,-0.06356185448969544,0.0188194642631225,-1.7067795716757022,0.004384604567678918,1.476707262534505,-0.7853,9.906172824723336e-05,2
0,168,0.1327725350856781,0.03357729688286781,0.5843130946159363,0.5167886484414339,0.019247632473707213,0.5823113876581192,0.01632698489400108,-0.06719751137368406,0.0193134724912497,-1.7218342052557674,0.0044446553137887515,1.4675335472570201,-0.7853,9.489112277827263e-05,2
0,169,0.13259437680244446,0.028208965435624123,0.575833261013031,0.5141044827178121,0.01908729001879693,0.5759515124559402,0.016334775471746107,-0.06929621847513492,0.01920205286968061,-1.7369405883908804,0.004377380509694698,1.4589128219387364,-0.7853,9.036625890876893e-05,2
0,170,0.13151268661022186,0.023800065740942955,0.5665315985679626,0.5119000328704715,0.018113768845796588,0.568975265622139,0.015579447638703435,-0.0696678375936353,0.01831206313182196,-1.7516825789693664,0.004143343143283548,1.4511345639874116,-0.7853,8.380420395531673e-05,2
0,171,0.12972736358642578,0.020194334909319878,0.5566267967224121,0.5100971674546599,0.016506978124380123,0.5615466642379761,0.014217319787960585,-0.06852939594172132,0.01680461126169497,-1.765947501567083,0.0037757702080358922,1.4441870050993697,-0.7853,7.813871937601988e-05,2
0,172,0.1273735910654068,0.01741401106119156,0.5460724830627441,0.5087070055305958,0.01438858285546303,0.5536309289932251,0.01235537537348599,-0.06577153065767598,0.014791210975804412,-1.7796939465353874,0.003297759227811135,1.4381293683076262,-0.7853,7.288574381868204e-05,2
0,173,0.12454356253147125,0.015826938673853874,0.5350109338760376,0.5079134693369269,0.011841557174921039,0.5453347671031952,0.010063334704504242,-0.0609949345743399,0.012345729395226695,-1.7922840719676485,0.0027252813287465703,1.4334255928443642,-0.7853,6.603956519596296e-05,2
0,174,0.12142159044742584,0.014975554309785366,0.5237700343132019,0.5074877771548927,0.009031782299280172,0.5369040924310684,0.0075005071203811495,-0.054869714634776204,0.009633077416649424,-1.803860389464429,0.002094523923601983,1.4297652186379153,-0.7853,6.224069435308267e-05,2
0,175,0.11783196032047272,0.014822740107774734,0.5126989483833313,0.5074113700538874,0.005801115185022368,0.5286007779836654,0.004519997209369966,-0.047679188102570436,0.006505001192043104,-1.81413654646134,0.0013712212185721248,1.4271878439717745,-0.7853,5.789853395407064e-05,2
0,176,0.11345921456813812,0.015385514125227928,0.5021955370903015,0.507692757062614,0.0018656440079212327,0.5207232195138931,0.0008550005356066505,-0.03970946098345424,0.0026929230055069316,-1.822736725826523,0.0004933072235277868,1.4257729745762697,-0.7853,5.261144916061705e-05,2
0,177,0.10828876495361328,0.01636616885662079,0.4925382733345032,0.5081830844283104,-0.002787760645151127,0.5134802716970444,-0.003504875205386142,-0.03152827157130687,-0.0018089823554451635,-1.8297691220674692,-0.0005410038007752782,1.4252551274015464,-0.7853,4.7855635678183155e-05,2
0,178,0.10255827009677887,0.017450151965022087,0.4838812053203583,0.508725075982511,-0.007945206016302095,0.5069874706864357,-0.0083552913924851,-0.023644105944919714,-0.006789705305192677,-1.835499191541513,-0.001682997904411536,1.4253123944164918,-0.7853,4.300943374036252e-05,2
0,179,0.09634462743997574,0.018386641517281532,0.4761432111263275,0.5091933207586408,-0.013537484407424916,0.5011839750409126,-0.013629577858300285,-0.016322939243276616,-0.012179627383811242,-1.8403329918772495,-0.0029162926102763356,1.4256398828846102,-0.7853,3.9835728210530024e-05,2
0,180,0.08977535367012024,0.01895018480718136,0.46902111172676086,0.5094750924035907,-0.019449830800294873,0.4958424004912376,-0.019221621211680702,-0.009604527096849828,-0.01787080685352823,-1.8448110836781701,-0.004215344169620215,1.425948004799912,-0.7853,3.899074848095209e-05,2
0,181,0.0828288197517395,0.019433338195085526,0.46206119656562805,0.5097166690975428,-0.02570171132683753,0.490622464120388,-0.025149693938490453,-0.0028077059115025034,-0.023881355472598752,-1.8489412368176228,-0.005584613406135173,1.426467179610215,-0.7853,4.070479280724588e-05,2
0,182,0.07578811049461365,0.01984325982630253,0.45499011874198914,0.5099216299131513,-0.032038349658250795,0.4853191557526588,-0.031171420113687426,0.004304921775380583,-0.029966829589861622,-1.8529130504822446,-0.006966950881611865,1.4271831328307467,-0.7853,4.284527226023296e-05,2
0,183,0.06939613074064255,0.020109985023736954,0.4482448399066925,0.5100549925118685,-0.03779113143682479,0.48026019662618635,-0.03665071437424858,0.011208131327478076,-0.03549046363674691,-1.8565791329843906,-0.008214627062067182,1.427984902068844,-0.7853,3.804617895053901e-05,2
0,184,0.06906232237815857,0.020990876480937004,0.44858503341674805,0.5104954382404685,-0.03809155896306037,0.480515341758728,-0.03665071437424858,0.011208131327478076,-0.03549046363674691,-1.8565791329843906,-0.008214627062067182,1.427984902068844,-0.7853,0.000596801591413039,1
0,185,0.06887409836053848,0.02203814499080181,0.44851380586624146,0.5110190724954009,-0.03826096057891845,0.48046192109584807,-0.03665071437424858,0.011208131327478076,-0.03549046363674691,-1.8565791329843906,-0.008214627062067182,1.427984902068844,-0.7853,0.0011047341860467312,1
0,186,0.06872568279504776,0.023252662271261215,0.4484526216983795,0.5116263311356306,-0.0383945345878601,0.4804160329699516,-0.037126118454884054,0.014587782018722243,-0.03600945924251099,-1.852464765110201,-0.00831477757776895,1.4314208281197192,-0.7853,2.7188114018499555e-05,2
0,187,0.06859679520130157,0.024637755006551743,0.44846445322036743,0.5123188775032759,-0.038510533422231666,0.48042490661144255,-0.037126118454884054,0.014587782018722243,-0.03600945924251099,-1.852464765110201,-0.00831477757776895,1.4314208281197192,-0.7853,0.0006806701865883187,1
0,188,0.06796493381261826,0.025612201541662216,0.4484924077987671,0.5128061007708311,-0.03907920867204665,0.4804458725452423,-0.037126118454884054,0.014587782018722243,-0.03600945924251099,-1.852464765110201,-0.00831477757776895,1.4314208281197192,-0.7853,0.001346064115772849,1
0,189,0.06739214062690735,0.02573138102889061,0.4488295316696167,0.5128656905144453,-0.03959472253918647,0.4806987154483795,-0.03817497038131218,0.017117147231360177,-0.037095108251842576,-1.8489858443754021,-0.008543101884147166,1.4342271611698607,-0.7853,3.035000125362949e-05,2
0,190,0.0672166645526886,0.02579129859805107,0.45048099756240845,0.5128956492990255,-0.039752651005983346,0.4819373148679733,-0.03817497038131218,0.017117147231360177,-0.037095108251842576,-1.8489858443754021,-0.008543101884147166,1.4342271611698607,-0.7853,0.0012334303173762659,1
0,191,0.06782355904579163,0.026048555970191956,0.4539172053337097,0.513024277985096,-0.03920644596219062,0.48451447069644926,-0.03775761766091266,0.013027588200301147,-0.03672197129918327,-1.8450505038285672,-0.008432241590503597,1.4349557956409473,-0.7853,3.4553036804159126e-05,2
0,192,0.06924201548099518,0.02650422416627407,0.4588303565979004,0.513252112083137,-0.03792983517050742,0.48819933414459227,-0.036495303475612265,0.009141213973818688,-0.03550620376710986,-1.8411793004984582,-0.00812873786337267,1.4357060075786106,-0.7853,3.3503015066346785e-05,2
0,193,0.07155346870422363,0.02694469504058361,0.46520116925239563,0.5134723475202918,-0.03584952726960182,0.4929774436354637,-0.03446808961739197,0.003976771822416151,-0.03352619730926545,-1.8363186840266181,-0.007653993556930336,1.4364953878922668,-0.7853,2.1971114311553204e-05,2
0,194,0.07470560818910599,0.027221493422985077,0.47317588329315186,0.5136107467114925,-0.03301260173320769,0.49895847916603087,-0.03172739498781912,-0.002630503542044536,-0.03083026969577399,-1.8304175432562195,-0.007020040794391353,1.4372955365660154,-0.7853,8.097343069368485e-06,2
0,195,0.07862432301044464,0.027060765773057938,0.4830785393714905,0.513530382886529,-0.0294857583940029,0.5063854712247848,-0.028345248000570283,-0.01109988962340884,-0.027486107820772456,-1.8234165276280594,-0.006243148117423096,1.437996183374055,-0.7853,1.776271103868265e-05,2
0,196,0.08295007050037384,0.026425756514072418,0.4943729043006897,0.5132128782570362,-0.02559258565306663,0.5148562449216842,-0.024631393318604637,-0.020844247221546253,-0.023798637278785995,-1.8155605387228009,-0.005393167281467246,1.4386814324720503,-0.7853,3.5358943357766465e-05,2
0,197,0.08755407482385635,0.025585267692804337,0.5062659382820129,0.5127926338464022,-0.02144898176193237,0.5237760204076767,-0.02069346508104928,-0.030846103732002812,-0.019872169606709057,-1.8070438370376298,-0.004493927817987319,1.439607253261311,-0.7853,4.686215275861339e-05,2
0,198,0.09212049096822739,0.024839485064148903,0.5183712244033813,0.5124197425320745,-0.01733920723199843,0.532854984998703,-0.016796416200578118,-0.04041746422793246,-0.015972339005225128,-1.7977651812679765,-0.0036060683796819877,1.4410658787769288,-0.7853,5.441577544197551e-05,2
0,199,0.09636194258928299,0.02444159984588623,0.5305784344673157,0.5122207999229431,-0.013521900773048393,0.5420103925466537,-0.013182145345227339,-0.04916409494349985,-0.012345178696699516,-1.7875045192766912,-0.002785232735422862,1.4433101444695509,-0.7853,6.136610752660221e-05,2
0,200,0.10006096214056015,0.024249250069260597,0.5428590774536133,0.5121246250346303,-0.01019278317689895,0.5512208747863769,-0.010037178528880048,-0.0572112050327903,-0.009183130111873744,-1.776464795718091,-0.0020737863834585112,1.4462007827181096,-0.7853,6.566274940220305e-05,2
0,201,0.1032770499587059,0.02484867535531521,0.555245578289032,0.5124243376776576,-0.007298304140567771,0.560510750412941,-0.007305598906262878,-0.06393328076138727,-0.006432918238217544,-1.7639651105875562,-0.0014591699825927309,1.4503073305587322,-0.7853,7.749144518267877e-05,2
0,202,0.10588721930980682,0.026869406923651695,0.5677083730697632,0.5134347034618258,-0.004949151724576939,0.5698578464984894,-0.005088891289408487,-0.06856604592776747,-0.004202450720444356,-1.749312499406026,-0.0009646236622396927,1.4562593784491007,-0.7853,9.613959452392938e-05,2
0,203,0.10761214792728424,0.030423389747738838,0.5802708864212036,0.5152116948738694,-0.003396715968847261,0.5792797315120697,-0.003619817198222643,-0.0709577592829177,-0.0027352731519963655,-1.732374219121181,-0.0006422211547040867,1.4641952925890587,-0.7853,0.00011714044677313766,2
0,204,0.10838916897773743,0.03514816612005234,0.592964231967926,0.5175740830600262,-0.0026973970234393935,0.5887997406721115,-0.002944506731778527,-0.07151870899495211,-0.0020828964915143703,-1.713562805520542,-0.0005001998386999798,1.4737816224554146,-0.7853,0.00013689943505797904,2
0,205,0.10871580243110657,0.04087670147418976,0.6057338118553162,0.5204383507370949,-0.002403426915407167,0.5983769255876541,-0.0026432345805643812,-0.07040488214347068,-0.0018145258089833517,-1.6931457626462263,-0.00044222241992015766,1.4848447941650949,-0.7853,0.0001564109552798919,2
0,206,0.10864950716495514,0.04751066118478775,0.6184802055358887,0.5237553305923939,-0.0024630926549434606,0.6079367208480835,-0.002664299197549935,-0.0676692830627349,-0.001877499403856796,-1.6713440828485433,-0.00045523258115109087,1.4972688108232128,-0.7853,0.0001745813076094193,2
0,207,0.10763997584581375,0.05501085892319679,0.6300522685050964,0.5275054294615984,-0.0033716708421707015,0.6166157680749893,-0.0034490550027115427,-0.0628969265761716,-0.002727950665146051,-1.6494650750972837,-0.0006327744502157466,1.5105048071478573,-0.7853,0.00017363578515736122,2
0,208,0.10575231164693832,0.06328371912240982,0.6400530338287354,0.5316418595612049,-0.005070568621158594,0.6241163420677185,-0.004930555791117633,-0.056210315932260606,-0.00429470891276116,-1.6281685981984868,-0.0009558768389668505,1.5241511963837968,-0.7853,0.00016806862070061035,2
0,209,0.10321494191884995,0.07226256281137466,0.648756206035614,0.5361312814056873,-0.007354201376438135,0.6306437212228775,-0.0069150760162801275,-0.04791777593363503,-0.006373746189952881,-1.607302072458652,-0.001379330474665116,1.5381792355588542,-0.7853,0.00016881056150260947,2
0,210,0.10034188628196716,0.08181877434253693,0.6565786004066467,0.5409093871712685,-0.009939951449632639,0.636510517001152,-0.009145806834984378,-0.038372682542757566,-0.008695939329333179,-1.5865653919767242,-0.0018466625633673749,1.5526316165810683,-0.7853,0.00017510904570280098,2
0,211,0.09738121926784515,0.09176786988973618,0.6636533737182617,0.5458839349448681,-0.012604551762342445,0.6418165969848633,-0.011424868196082974,-0.027873858956666903,-0.011054300265777275,-1.5660302529350043,-0.0023156505494034895,1.5673681466785399,-0.7853,0.00018119871532175022,2
0,212,0.09428796172142029,0.10188674926757812,0.6700863838195801,0.5509433746337891,-0.015388483554124824,0.646641354560852,-0.013791860142673574,-0.01675338256481565,-0.013485486165020825,-1.5458451840699616,-0.0027928744422246886,1.5821950288730091,-0.7853,0.00018681366688883794,2
0,213,0.0910797193646431,0.11210434883832932,0.6759288311004639,0.5560521744191647,-0.01827590167522429,0.6510231900215149,-0.01623496066966875,-0.0051411156054606,-0.015973733245919684,-1.5260444951832213,-0.0032747710212959903,1.5970470599464057,-0.7853,0.00019257139125213136,2
0,214,0.087799072265625,0.12234952300786972,0.6811472773551941,0.5611747615039349,-0.02122848406434058,0.6549370247125625,-0.018723285500072944,0.006855104067806223,-0.018484239654849386,-1.5067624765995111,-0.0037542524284988068,1.611808634196988,-0.7853,0.0001971527451820615,2
0,215,0.08434724807739258,0.1326545625925064,0.6853219866752625,0.5663272812962532,-0.024335125833749763,0.6580680567026138,-0.021337586944819208,0.019330316372796794,-0.021093953304096046,-1.4884739756384324,-0.004244842458635828,1.6262298356556133,-0.7853,0.0001983355325631383,2
0,216,0.08068345487117767,0.14304733276367188,0.6882359385490417,0.5715236663818359,-0.02763253971934318,0.6602535206079483,-0.02411113168357306,0.03230864554910509,-0.023830573752025165,-1.4714272419107632,-0.004750788337077424,1.6401611142229673,-0.7853,0.0001985924922651024,2
0,217,0.0768185630440712,0.1535142958164215,0.6900827884674072,0.5767571479082108,-0.031110942363739,0.6616386580467224,-0.027036399567405462,0.04570043706794249,-0.026680639111668895,-1.455411575408786,-0.0052693371024597835,1.6536817327431854,-0.7853,0.0002013063785074367,2
0,218,0.07268357276916504,0.16399544477462769,0.6910744309425354,0.5819977223873138,-0.034832433611154553,0.6623823899030685,-0.030169704778277982,0.05939374686588618,-0.02969295387772347,-1.4402230848568915,-0.00580884459947742,1.6668643823970868,-0.7853,0.00020610301485753893,2
0,219,0.06812598556280136,0.17445708811283112,0.6914625763893127,0.5872285440564156,-0.03893426209688186,0.6626734989881515,-0.033632488463575416,0.07333198794934255,-0.0329777395799173,-1.4255564533718585,-0.006388253944909995,1.679863184267892,-0.7853,0.00021406331127766154,2
0,220,0.06305912137031555,0.18489448726177216,0.6915167570114136,0.5924472436308861,-0.04349443987011909,0.6627141344547272,-0.03749376881596549,0.08750611651783687,-0.03659157548138663,-1.4110411251537482,-0.007016706775246605,1.6928904211632445,-0.7853,0.00022548566445567206,2
0,221,0.057577505707740784,0.1952030062675476,0.691103458404541,0.5976015031337738,-0.04842789396643638,0.6624041604995727,-0.04168209046706737,0.10181734532036325,-0.040455668829834576,-1.3969523180815022,-0.007678817249983745,1.7057494359307221,-0.7853,0.00023423375220537623,2
0,222,0.05166371539235115,0.2053082287311554,0.6899718642234802,0.6026541143655777,-0.053750305250287046,0.6615554648637771,-0.04621437605635977,0.1162143074847959,-0.04457615883103782,-1.3836771542924535,-0.00837374340032476,1.7181881218569561,-0.7853,0.0002404943385731627,2
0,223,0.04551347717642784,0.21506060659885406,0.6880897283554077,0.607530303299427,-0.05928551964461803,0.6601438629627228,-0.05094056119753987,0.13048082106805836,-0.0488044716910191,-1.3714722950384455,-0.009075361664765988,1.7299769581640858,-0.7853,0.00024251786612934238,2
0,224,0.039156459271907806,0.22400487959384918,0.6853353977203369,0.6120024397969246,-0.06500683575868606,0.6580781149864197,-0.055846925794148336,0.1440382766175022,-0.053125942673376926,-1.361097085622426,-0.009779136268666463,1.7404714819757334,-0.7853,0.00023583955471155173,2
0,225,0.03283155709505081,0.23200979828834534,0.6819210052490234,0.6160048991441727,-0.07069924771785735,0.6555173206329346,-0.060749048681206015,0.15661880188725916,-0.0573738481526692,-1.3525545114122668,-0.010458432839227302,1.7495748309246126,-0.7853,0.0002252612937832298,2
0,226,0.026792598888278008,0.23928813636302948,0.6782364249229431,0.6196440681815147,-0.07613431010395288,0.6527538853883743,-0.06544537968507548,0.16836627695447046,-0.06137028313536913,-1.3451824752965582,-0.011087566666159447,1.75772117727728,-0.7853,0.00021681139477599417,2
0,227,0.02117418311536312,0.24580906331539154,0.6743865013122559,0.6229045316576958,-0.08119088429957627,0.6498664426803589,-0.06983193710441353,0.1791712108528837,-0.06503102103282409,-1.3389627014319179,-0.011654359446327596,1.7648824646512646,-0.7853,0.0002064816597632756,2
0,228,0.016158312559127808,0.2514335811138153,0.6702966094017029,0.6257167905569077,-0.08570516780018805,0.6467990237474441,-0.07376757480843772,0.18877240795977074,-0.068243475912771,-1.3342822393387734,-0.012141324835184496,1.7707385550833223,-0.7853,0.000191289712974136,2
0,229,0.011922147125005722,0.2562832534313202,0.6660202145576477,0.6281416267156601,-0.08951771669089793,0.6435917276144028,-0.07710906381131796,0.19721824617869363,-0.07089439609010173,-1.3310332720286848,-0.012532858659363176,1.77536341355422,-0.7853,0.0001760956676225844,2
0,230,0.00839155912399292,0.26041653752326965,0.6617048978805542,0.6302082687616348,-0.09269524589180946,0.6403552401065826,-0.07991286171963179,0.2045555131827998,-0.07304816983112318,-1.328981562074738,-0.012841251507120413,1.7789113832820818,-0.7853,0.00016278304047232653,2
0,231,0.0054041179828345776,0.26370468735694885,0.657340407371521,0.6318523436784744,-0.09538394291885197,0.6370818722248077,-0.08230813156531386,0.21065313795252746,-0.07483302968559352,-1.3282938547045757,-0.01308698429366669,1.7812417604158743,-0.7853,0.00014868414627112252,2
0,232,0.003025417448952794,0.26607245206832886,0.6528964042663574,0.6330362260341644,-0.09752477339934557,0.633748869895935,-0.08424260679417632,0.2153778364852002,-0.0762160657382354,-1.3291665362595395,-0.013265476084160555,1.78219399150458,-0.7853,0.00013282459700419115,2
0,233,0.0012743925908580422,0.267760694026947,0.6483911275863647,0.6338803470134735,-0.09910069577163085,0.6303699123859405,-0.08569463370272284,0.21902026004656178,-0.07718491462889183,-1.3312751978866229,-0.013377035796969614,1.7820526198878681,-0.7853,0.0001201828019292392,2
0,234,0.00030213361606001854,0.2689518332481384,0.6440675854682922,0.6344759166240692,-0.09997572884894906,0.6271272557973862,-0.08654145062117444,0.221721700960588,-0.07763790947610262,-1.3341469370510965,-0.01340823281039811,1.7811474873380815,-0.7853,0.00010982842293523015,2
0,235,-0.00031324251904152334,0.2697506546974182,0.6401000618934631,0.6348753273487091,-0.10052956737054046,0.6241516131162643,-0.08711354472461488,0.2237394750423415,-0.0778661585192621,-1.3372800044488207,-0.013405646180220183,1.7798662690420142,-0.7853,0.00010341889781718078,2
0,236,-0.0005116182146593928,0.27025866508483887,0.6364579200744629,0.6351293325424194,-0.10070810549659653,0.6214200067520141,-0.08736097708814633,0.22518751273191986,-0.0778270021033643,-1.3405912682119225,-0.013363091748604297,1.7782944025961076,-0.7853,9.807775239857595e-05,2
0,237,9.501571184955537e-05,0.27036646008491516,0.6330903172492981,0.6351832300424576,-0.10016213496273849,0.6188943046331405,-0.08698001949936085,0.22578296294500078,-0.07726130111378077,-1.3444521908882816,-0.013239335027368496,1.776120437613824,-0.7853,8.999836498985735e-05,2
0,238,0.0013371286913752556,0.26986226439476013,0.6301360726356506,0.6349311321973801,-0.09904423328116535,0.616678621172905,-0.08610823799239206,0.22527986518861806,-0.07629577217524147,-1.3489524424314883,-0.013053325934012294,1.7732209248385027,-0.7853,8.046014462937758e-05,2
0,239,0.0028625838458538055,0.26892054080963135,0.62786465883255,0.6344602704048157,-0.09767132364213466,0.6149750608205795,-0.08501850204570384,0.22397135056872347,-0.07516634667534529,-1.3534185993437702,-0.012843584040439645,1.7700955843562527,-0.7853,7.46830112003623e-05,2
0,240,0.004686342552304268,0.2678396999835968,0.6264125108718872,0.6339198499917984,-0.09602994080632925,0.6138859498500824,-0.08369240342544652,0.22220422875036497,-0.07385150404396584,-1.357283516291738,-0.012608420041116007,1.7671906694631043,-0.7853,7.345573816882986e-05,2
0,241,0.00653459457680583,0.26678267121315,0.6255697011947632,0.633391335606575,-0.09436651398427784,0.6132538425922394,-0.0823403621883172,0.22033720782902438,-0.0725297253506883,-1.360436276578689,-0.01237568308436117,1.7646825945113143,-0.7853,7.466997709492221e-05,2
0,242,0.0081266975030303,0.2658805549144745,0.6252185106277466,0.6329402774572372,-0.09293362135067582,0.6129904496669769,-0.0823403621883172,0.22033720782902438,-0.0725297253506883,-1.360436276578689,-0.01237568308436117,1.7646825945113143,-0.7853,0.0014887683953772714,1
0,243,0.009173509664833546,0.2652435898780823,0.6253038048744202,0.6326217949390411,-0.09199149040505289,0.6130544203519821,-0.08037290868409296,0.21745876789234758,-0.07069418412551785,-1.3639023441007618,-0.01206253257689489,1.7616771841136456,-0.7853,6.930194602035306e-05,2
0,244,0.009609258733689785,0.2647898495197296,0.6258448362350464,0.6323949247598648,-0.09159931624308228,0.6134601938724518,-0.08037290868409296,0.21745876789234758,-0.07069418412551785,-1.3639023441007618,-0.01206253257689489,1.7616771841136456,-0.7853,0.0005886254791194587,1
0,245,0.009301068261265755,0.26461061835289,0.6266697645187378,0.632305309176445,-0.0918766876682639,0.6140788900852203,-0.08037290868409296,0.21745876789234758,-0.07069418412551785,-1.3639023441007618,-0.01206253257689489,1.7616771841136456,-0.7853,0.0010729557278192873,1
0,246,0.008125467225909233,0.26469647884368896,0.6274855136871338,0.6323482394218445,-0.09293472860008478,0.6146907019615173,-0.08127214192957734,0.21653194222568947,-0.07137233168615738,-1.3619904788544317,-0.012160118415096597,1.7625178866022546,-0.7853,0.00010534989817348654,2
0,247,0.00635446747764945,0.26495933532714844,0.6282625198364258,0.6324796676635742,-0.09452862837351858,0.6152734565734863,-0.0827234124621373,0.21732493579358847,-0.07251850748444774,-1.360088990534504,-0.012332241928809006,1.7638784688793065,-0.7853,0.00011234312065676526,2
0,248,0.004285670351237059,0.2653442323207855,0.6291723847389221,0.6326721161603928,-0.09639054578728973,0.6159558552503586,-0.08440714108425026,0.21837637562675805,-0.07386513851514036,-1.3577336499458172,-0.012537169218152774,1.765598766165878,-0.7853,0.00011787795102846768,2
0,249,0.0020815515890717506,0.26579830050468445,0.6303326487541199,0.6328991502523422,-0.09837425267323852,0.6168260532617569,-0.08619790929336646,0.21953506482257737,-0.07530181078322488,-1.3549277806231104,-0.012757292119788745,1.7676317528715895,-0.7853,0.00012278526177135458,2
0,250,-0.00010097551421495155,0.2661305069923401,0.6316608190536499,0.63306525349617,-0.10033852706619655,0.6178221809864044,-0.08797721746506564,0.22052099837987368,-0.07672717541706889,-1.3520860410483826,-0.012975221228321437,1.7696442393786311,-0.7853,0.0001237013486910502,2
0,251,-0.001960414694622159,0.26630347967147827,0.6330791115760803,0.6331517398357391,-0.10201202232856303,0.6188859003782272,-0.08950833622394049,0.22118202322732244,-0.07793617865669944,-1.3494760037232751,-0.013158238767949918,1.7714266812521675,-0.7853,0.00012142744873000018,2
0,252,-0.0033298982307314873,0.2663358747959137,0.634502649307251,0.6331679373979568,-0.10324455751106143,0.6199535536766052,-0.09065795223165737,0.22148348088681294,-0.07881454394548502,-1.3472471782294773,-0.01328835192783691,1.7728756710365692,-0.7853,0.00011761923696623633,2
0,253,-0.004156284965574741,0.26624730229377747,0.6358619928359985,0.6331236511468887,-0.10398830557242035,0.6209730613231659,-0.09065795223165737,0.22148348088681294,-0.07881454394548502,-1.3472471782294773,-0.01328835192783691,1.7728756710365692,-0.7853,0.0013035709756733448,1
0,254,-0.00474665779620409,0.2660737931728363,0.6371484398841858,0.6330368965864182,-0.10451964111998677,0.6219378966093063,-0.09185569159670706,0.22116117488723325,-0.07974581865665935,-1.3440626059518792,-0.01342907102982317,1.774726015952959,-0.7853,0.0001241816986925585,2
0,255,-0.005254819057881832,0.2658882737159729,0.6384053230285645,0.6329441368579865,-0.10497698625549673,0.6228805589675903,-0.09185569159670706,0.22116117488723325,-0.07974581865665935,-1.3440626059518792,-0.01342907102982317,1.774726015952959,-0.7853,0.0010893557730941522,1
0,256,-0.005692199803888798,0.26576295495033264,0.6396205425262451,0.6328814774751663,-0.105370628926903,0.6237919735908508,-0.09268398723778862,0.22066622278817555,-0.08035761449889449,-1.3412930101195042,-0.013518713458821531,1.776280509383017,-0.7853,0.00012080910428552542,2
0,257,-0.006007810588926077,0.26567116379737854,0.6407502889633179,0.6328355818986893,-0.10565467863343656,0.6246392834186554,-0.09268398723778862,0.22066622278817555,-0.08035761449889449,-1.3412930101195042,-0.013518713458821531,1.776280509383017,-0.7853,0.0009352401153808192,1
