episode_id,frame_index,timestamp,eef_x,eef_y,eef_z,eef_axis_angle_x,eef_axis_angle_y,eef_axis_angle_z,finger_qpos_0,finger_qpos_1,gripper_aperture_proxy,expert_gripper_command
0,0,0.0,-0.04658396542072296,0.0010548062855377793,0.6923741102218628,3.154628038406372,0.004372127819806337,-0.0727287232875824,0.03402569890022278,-0.03406943008303642,0.0680951289832592,-1.0
0,1,0.05000000074505806,-0.04387640208005905,-0.0020439513027668,0.6936200857162476,3.1536147594451904,-0.003079772461205721,-0.0891299694776535,0.03619774058461189,-0.03623881936073303,0.07243655994534492,-1.0
0,2,0.10000000149011612,-0.04064429923892021,-0.005328942555934191,0.6951491236686707,3.1519134044647217,-0.009819766506552696,-0.10558780282735825,0.03742222487926483,-0.03745581954717636,0.07487804442644119,-1.0
0,3,0.15000000596046448,-0.03690924495458603,-0.009011090733110905,0.6966440677642822,3.149860143661499,-0.01698698103427887,-0.12196708470582962,0.03810204192996025,-0.038145557045936584,0.07624759897589684,-1.0
0,4,0.20000000298023224,-0.03270207345485687,-0.013398552313446999,0.697981059551239,3.148139238357544,-0.025625575333833694,-0.13818605244159698,0.038474682718515396,-0.038540977984666824,0.07701566070318222,-1.0
0,5,0.25,-0.028227034956216812,-0.018578186631202698,0.6991662383079529,3.146618366241455,-0.03555801138281822,-0.15505041182041168,0.03867822140455246,-0.03876838833093643,0.07744660973548889,-1.0
0,6,0.30000001192092896,-0.023522794246673584,-0.02424776367843151,0.7003564834594727,3.1451539993286133,-0.04573354870080948,-0.17248177528381348,0.03879556804895401,-0.038893118500709534,0.07768868654966354,-1.0
0,7,0.3499999940395355,-0.018473271280527115,-0.03036446124315262,0.7016168832778931,3.143559217453003,-0.05570294335484505,-0.18976938724517822,0.03885746747255325,-0.038969457149505615,0.07782692462205887,-1.0
0,8,0.4000000059604645,-0.013061217032372952,-0.03707506135106087,0.7027972936630249,3.141695022583008,-0.06589926034212112,-0.20702579617500305,0.03890492022037506,-0.03902673348784447,0.07793165370821953,-1.0
0,9,0.44999998807907104,-0.007210342213511467,-0.04456368088722229,0.703705906867981,3.139465093612671,-0.07686029374599457,-0.2241787165403366,0.03894722834229469,-0.03907843679189682,0.07802566513419151,-1.0
0,10,0.5,-0.000987736857496202,-0.052846409380435944,0.7043167948722839,3.1369411945343018,-0.08829443156719208,-0.2413763850927353,0.03898698836565018,-0.039125215262174606,0.07811220362782478,-1.0
0,11,0.550000011920929,0.005451172590255737,-0.06159651651978493,0.7047938108444214,3.1343562602996826,-0.0991673395037651,-0.25880807638168335,0.03902518376708031,-0.039167921990156174,0.07819310575723648,-1.0
0,12,0.6000000238418579,0.01228635199368,-0.07058724761009216,0.7051072120666504,3.1318447589874268,-0.10892282426357269,-0.2748866081237793,0.03906173259019852,-0.0392087921500206,0.07827052474021912,-1.0
0,13,0.6499999761581421,0.019388586282730103,-0.0797354057431221,0.7051109075546265,3.1293063163757324,-0.11774008721113205,-0.2899000644683838,0.0390966422855854,-0.03924797847867012,0.07834462076425552,-1.0
0,14,0.699999988079071,0.02677903324365616,-0.08892854303121567,0.7047979235649109,3.126861333847046,-0.1261029690504074,-0.30349209904670715,0.03913019970059395,-0.03928534314036369,0.07841554284095764,-1.0
0,15,0.75,0.034522250294685364,-0.09807527810335159,0.7043769359588623,3.1247055530548096,-0.13436706364154816,-0.31472018361091614,0.0391625240445137,-0.03932090476155281,0.07848342880606651,-1.0
0,16,0.800000011920929,0.042465243488550186,-0.10715412348508835,0.703959584236145,3.122873544692993,-0.14273639023303986,-0.3239193558692932,0.039193518459796906,-0.03935488685965538,0.07854840531945229,-1.0
0,17,0.8500000238418579,0.050476133823394775,-0.11618513613939285,0.703359067440033,3.1212358474731445,-0.1513715535402298,-0.33176469802856445,0.03922320157289505,-0.03938739746809006,0.07861059904098511,-1.0
0,18,0.8999999761581421,0.058499932289123535,-0.1251625418663025,0.7022860646247864,3.11962890625,-0.16034628450870514,-0.3387085497379303,0.039251700043678284,-0.039418432861566544,0.07867013290524483,-1.0
0,19,0.949999988079071,0.06649694591760635,-0.13406382501125336,0.7004877328872681,3.1180896759033203,-0.16947805881500244,-0.3451404571533203,0.039279088377952576,-0.03944802284240723,0.0787271112203598,-1.0
0,20,1.0,0.07453333586454391,-0.14282545447349548,0.6977189779281616,3.1168723106384277,-0.17833399772644043,-0.3509879410266876,0.039305638521909714,-0.03947601839900017,0.07878165692090988,-1.0
0,21,1.0499999523162842,0.08261069655418396,-0.15131616592407227,0.6939708590507507,3.1165266036987305,-0.18659427762031555,-0.3560227155685425,0.0393315926194191,-0.03950227051973343,0.07883386313915253,-1.0
0,22,1.100000023841858,0.09071802347898483,-0.15910162031650543,0.6895925998687744,3.1174700260162354,-0.19348976016044617,-0.3594854176044464,0.03935808688402176,-0.039525747299194336,0.0788838341832161,-1.0
0,23,1.149999976158142,0.0984792485833168,-0.16585806012153625,0.6845853328704834,3.119171380996704,-0.19863754510879517,-0.36320698261260986,0.039384640753269196,-0.03954702988266945,0.07893167063593864,-1.0
0,24,1.2000000476837158,0.105777308344841,-0.17140018939971924,0.6787293553352356,3.1210670471191406,-0.2016126662492752,-0.3682340085506439,0.039411310106515884,-0.03956615552306175,0.07897746562957764,-1.0
0,25,1.25,0.11275085061788559,-0.17583012580871582,0.6718674898147583,3.1228864192962646,-0.20280037820339203,-0.3738304376602173,0.039437200874090195,-0.03958410024642944,0.07902130112051964,-1.0
0,26,1.2999999523162842,0.11942223459482193,-0.17936791479587555,0.6638155579566956,3.1250083446502686,-0.20322303473949432,-0.3795880377292633,0.039462070912122726,-0.03960119187831879,0.07906326279044151,-1.0
0,27,1.350000023841858,0.12582403421401978,-0.1821405589580536,0.6547770500183105,3.1276307106018066,-0.2030465304851532,-0.3848976194858551,0.0394861176609993,-0.03961731120944023,0.07910342887043953,-1.0
0,28,1.399999976158142,0.13195931911468506,-0.18424367904663086,0.6452966928482056,3.1306753158569336,-0.20262639224529266,-0.38900452852249146,0.03950919210910797,-0.03963268920779228,0.07914188131690025,-1.0
0,29,1.4500000476837158,0.13770093023777008,-0.18562741577625275,0.6359546780586243,3.1342668533325195,-0.20238234102725983,-0.3914978802204132,0.03953171148896217,-0.039646971970796585,0.07917868345975876,-1.0
0,30,1.5,0.14290916919708252,-0.1865997612476349,0.6268243789672852,3.138038396835327,-0.20257684588432312,-0.392259806394577,0.039552561938762665,-0.03966134786605835,0.07921390980482101,-1.0
0,31,1.5499999523162842,0.14726872742176056,-0.18742139637470245,0.6176138520240784,3.141442060470581,-0.20162814855575562,-0.3934459388256073,0.03957231715321541,-0.039675310254096985,0.0792476274073124,-1.0
0,32,1.600000023841858,0.15065257251262665,-0.188097283244133,0.6084059476852417,3.1445155143737793,-0.1994064599275589,-0.3961121141910553,0.03959142789244652,-0.03968847170472145,0.07927989959716797,-1.0
0,33,1.649999976158142,0.15351223945617676,-0.18877209722995758,0.5993496775627136,3.147649049758911,-0.19719113409519196,-0.3973000645637512,0.0396096296608448,-0.039701156318187714,0.07931078597903252,-1.0
0,34,1.7000000476837158,0.15601883828639984,-0.18947254121303558,0.590373694896698,3.1511075496673584,-0.19494277238845825,-0.3960413634777069,0.03962728753685951,-0.0397130586206913,0.07934034615755081,-1.0
0,35,1.75,0.15765276551246643,-0.19019927084445953,0.5815514922142029,3.1548006534576416,-0.19233816862106323,-0.3952491879463196,0.03964411839842796,-0.03972452133893967,0.07936863973736763,-1.0
0,36,1.7999999523162842,0.15824541449546814,-0.1910000443458557,0.5728716850280762,3.1586880683898926,-0.1892843246459961,-0.3955150544643402,0.03966030851006508,-0.03973540663719177,0.07939571514725685,-1.0
0,37,1.850000023841858,0.15787570178508759,-0.1920117288827896,0.5641561150550842,3.1626763343811035,-0.1862618774175644,-0.39597088098526,0.039675626903772354,-0.0397460050880909,0.07942163199186325,-1.0
0,38,1.899999976158142,0.15666934847831726,-0.19358780980110168,0.5554812550544739,3.166677713394165,-0.18311330676078796,-0.39497387409210205,0.03968961536884308,-0.03975681960582733,0.07944643497467041,-1.0
0,39,1.9500000476837158,0.15465813875198364,-0.19588413834571838,0.5470250844955444,3.1711745262145996,-0.17900370061397552,-0.3912205696105957,0.03970285505056381,-0.039767321199178696,0.07947017624974251,-1.0
0,40,2.0,0.15190266072750092,-0.19865161180496216,0.5385082364082336,3.1764767169952393,-0.1734297275543213,-0.3840463161468506,0.03971612825989723,-0.039776761084795,0.07949288934469223,-1.0
0,41,2.049999952316284,0.1485120952129364,-0.20113666355609894,0.5296386480331421,3.1827199459075928,-0.16562587022781372,-0.37388843297958374,0.039730675518512726,-0.039783965796232224,0.07951464131474495,-1.0
0,42,2.0999999046325684,0.14449632167816162,-0.2028486281633377,0.5204532742500305,3.1892995834350586,-0.1550251692533493,-0.36192798614501953,0.03974571451544762,-0.03978974372148514,0.07953545823693275,-1.0
0,43,2.1500000953674316,0.13982327282428741,-0.20405389368534088,0.5112269520759583,3.1951980590820312,-0.1424662321805954,-0.34858232736587524,0.039759714156389236,-0.03979567810893059,0.07955539226531982,-1.0
0,44,2.200000047683716,0.13446775078773499,-0.20497582852840424,0.5020160675048828,3.2001514434814453,-0.12843866646289825,-0.3340355455875397,0.03977319970726967,-0.03980127349495888,0.07957447320222855,-1.0
0,45,2.25,0.12851427495479584,-0.2056143432855606,0.49282345175743103,3.2040674686431885,-0.11277725547552109,-0.31835541129112244,0.039786431938409805,-0.0398063026368618,0.0795927345752716,-1.0
0,46,2.299999952316284,0.12231045216321945,-0.20577965676784515,0.48382294178009033,3.207191228866577,-0.0965580865740776,-0.30072808265686035,0.03979986533522606,-0.03981034830212593,0.07961021363735199,-1.0
0,47,2.3499999046325684,0.11598997563123703,-0.20552366971969604,0.47491952776908875,3.209573268890381,-0.08092887699604034,-0.28110480308532715,0.03981255739927292,-0.03981439024209976,0.07962694764137268,-1.0
0,48,2.4000000953674316,0.10976631194353104,-0.20487970113754272,0.4660615622997284,3.2113630771636963,-0.06604960560798645,-0.2589017152786255,0.03982490673661232,-0.03981805220246315,0.07964295893907547,-1.0
0,49,2.450000047683716,0.10373064130544662,-0.2038407325744629,0.45741355419158936,3.2126965522766113,-0.05206754431128502,-0.23430629074573517,0.03983676806092262,-0.03982152044773102,0.07965828850865364,-1.0
0,50,2.5,0.09849197417497635,-0.20320014655590057,0.45011287927627563,3.2125630378723145,-0.04088413715362549,-0.20498976111412048,0.03958490118384361,-0.03982771560549736,0.07941261678934097,1.0
0,51,2.549999952316284,0.09802231192588806,-0.20453013479709625,0.450010746717453,3.2083489894866943,-0.03973901644349098,-0.1599547117948532,0.03814771771430969,-0.03934761509299278,0.07749533280730247,1.0
0,52,2.5999999046325684,0.09767457097768784,-0.20563532412052155,0.44953685998916626,3.2036120891571045,-0.038889747112989426,-0.12307779490947723,0.03696450591087341,-0.03716419264674187,0.07412869855761528,1.0
0,53,2.6500000953674316,0.09740383923053741,-0.20708757638931274,0.44906914234161377,3.19827938079834,-0.03830030933022499,-0.0947677344083786,0.03543352708220482,-0.0337587371468544,0.06919226422905922,1.0
0,54,2.700000047683716,0.09720782190561295,-0.2085791379213333,0.4487042725086212,3.193540334701538,-0.03791068494319916,-0.07481388002634048,0.03387147933244705,-0.029653135687112808,0.06352461501955986,1.0
0,55,2.75,0.09706569463014603,-0.20953644812107086,0.44844135642051697,3.190545082092285,-0.03690734878182411,-0.061777181923389435,0.03030368685722351,-0.026426000520586967,0.05672968737781048,1.0
0,56,2.799999952316284,0.0972689613699913,-0.2094707041978836,0.4480198621749878,3.1891019344329834,-0.03541172295808792,-0.05354445427656174,0.024806641042232513,-0.022549130022525787,0.0473557710647583,1.0
0,57,2.8499999046325684,0.09791381657123566,-0.20986387133598328,0.44789791107177734,3.1875274181365967,-0.03445720300078392,-0.04785306751728058,0.02209482342004776,-0.020919911563396454,0.043014734983444214,1.0
0,58,2.9000000953674316,0.0997372716665268,-0.21032166481018066,0.44815003871917725,3.1859192848205566,-0.03455163165926933,-0.040577903389930725,0.021894309669733047,-0.020950954407453537,0.042845264077186584,1.0
0,59,2.950000047683716,0.10238514840602875,-0.2107122242450714,0.4493606686592102,3.1846866607666016,-0.037349238991737366,-0.032723914831876755,0.02187730185687542,-0.0209360308945179,0.04281333275139332,1.0
0,60,3.0,0.10544732958078384,-0.21093828976154327,0.4522779881954193,3.1840999126434326,-0.04285832867026329,-0.026066584512591362,0.021875260397791862,-0.02092866413295269,0.04280392453074455,1.0
0,61,3.049999952316284,0.10889944434165955,-0.2111123502254486,0.4575667977333069,3.1838972568511963,-0.05066028609871864,-0.020242562517523766,0.02187347784638405,-0.02092220075428486,0.04279567860066891,1.0
0,62,3.0999999046325684,0.1125345379114151,-0.21151462197303772,0.465774267911911,3.183366298675537,-0.06109921634197235,-0.016121381893754005,0.021871574223041534,-0.02091662399470806,0.042788198217749596,1.0
0,63,3.1500000953674316,0.11589488387107849,-0.21225504577159882,0.47634780406951904,3.1813952922821045,-0.07313033193349838,-0.015344086103141308,0.021869590505957603,-0.020911535248160362,0.042781125754117966,1.0
0,64,3.200000047683716,0.11930183321237564,-0.21291488409042358,0.4880346953868866,3.1778204441070557,-0.08525136113166809,-0.01552621554583311,0.02186857908964157,-0.02090563252568245,0.04277421161532402,1.0
0,65,3.25,0.12320845574140549,-0.21306383609771729,0.5001004934310913,3.1737253665924072,-0.0963689386844635,-0.013866466470062733,0.021868236362934113,-0.020899323746562004,0.04276756010949612,1.0
0,66,3.299999952316284,0.12741008400917053,-0.2126135528087616,0.5122312307357788,3.169896125793457,-0.10588862001895905,-0.01100123394280672,0.02186792530119419,-0.020893247798085213,0.042761173099279404,1.0
0,67,3.3499999046325684,0.1314767748117447,-0.2117510586977005,0.5243577361106873,3.166637897491455,-0.11397188156843185,-0.008557946421205997,0.021867046132683754,-0.020887987688183784,0.04275503382086754,1.0
0,68,3.4000000953674316,0.13490906357765198,-0.21045950055122375,0.5365829467773438,3.164844036102295,-0.12006779760122299,-0.008234708569943905,0.021866492927074432,-0.02088281139731407,0.042749304324388504,1.0
0,69,3.450000047683716,0.1376393437385559,-0.2088531255722046,0.5490067005157471,3.164292335510254,-0.12403098493814468,-0.00953857321292162,0.021865766495466232,-0.020878056064248085,0.04274382255971432,1.0
0,70,3.5,0.1395246982574463,-0.20677347481250763,0.5616506934165955,3.1648550033569336,-0.12630994617938995,-0.012789901345968246,0.021865764632821083,-0.02087284065783024,0.04273860529065132,1.0
0,71,3.549999952316284,0.1404985934495926,-0.2039686143398285,0.5744966864585876,3.1662991046905518,-0.12692144513130188,-0.018177077174186707,0.021866625174880028,-0.02086700312793255,0.042733628302812576,1.0
0,72,3.5999999046325684,0.14065703749656677,-0.20036999881267548,0.5875152945518494,3.168215751647949,-0.12657196819782257,-0.024983590468764305,0.021868031471967697,-0.02086077816784382,0.042728809639811516,1.0
0,73,3.6500000953674316,0.13978108763694763,-0.19621022045612335,0.6001183986663818,3.1701903343200684,-0.1261761635541916,-0.03393267095088959,0.021869180724024773,-0.02085496298968792,0.04272414371371269,1.0
0,74,3.700000047683716,0.13809441030025482,-0.19126653671264648,0.6119860410690308,3.172447919845581,-0.12557142972946167,-0.04399501904845238,0.02187182568013668,-0.020847836509346962,0.04271966218948364,1.0
0,75,3.75,0.136027529835701,-0.1854238212108612,0.6233314871788025,3.174673080444336,-0.12473508715629578,-0.05281096324324608,0.021875331178307533,-0.020839985460042953,0.04271531663835049,1.0
0,76,3.799999952316284,0.1336393505334854,-0.17873342335224152,0.6341913938522339,3.176619052886963,-0.12370993942022324,-0.06049434468150139,0.021879596635699272,-0.020831525325775146,0.04271112196147442,1.0
0,77,3.8499999046325684,0.13111403584480286,-0.17123836278915405,0.6445736289024353,3.1782186031341553,-0.12251805514097214,-0.06674690544605255,0.02188476361334324,-0.020822299644351006,0.042707063257694244,1.0
0,78,3.9000000953674316,0.12873247265815735,-0.16270385682582855,0.6542373299598694,3.179649829864502,-0.12101811915636063,-0.07115134596824646,0.02189178392291069,-0.020811354741454124,0.042703138664364815,1.0
0,79,3.950000047683716,0.12654192745685577,-0.15317800641059875,0.6630781888961792,3.1807427406311035,-0.11943066865205765,-0.07406497001647949,0.021899718791246414,-0.02079951763153076,0.042699236422777176,1.0
0,80,4.0,0.12447531521320343,-0.14315712451934814,0.6712239384651184,3.180842161178589,-0.11811543256044388,-0.07566358149051666,0.021907417103648186,-0.020788060501217842,0.04269547760486603,1.0
0,81,4.050000190734863,0.12246586382389069,-0.13288800418376923,0.6788464188575745,3.179802894592285,-0.11703157424926758,-0.0762028619647026,0.02191525511443615,-0.02077658101916313,0.04269183613359928,1.0
0,82,4.099999904632568,0.12056697905063629,-0.12235955893993378,0.6859663724899292,3.1780762672424316,-0.11611300706863403,-0.0756012350320816,0.021923497319221497,-0.02076484076678753,0.042688338086009026,1.0
0,83,4.150000095367432,0.11888962239027023,-0.11155863106250763,0.6924723386764526,3.1763176918029785,-0.1153956949710846,-0.07369151711463928,0.021932104602456093,-0.020752880722284317,0.04268498532474041,1.0
0,84,4.199999809265137,0.11738820374011993,-0.10065648704767227,0.6984026432037354,3.1744816303253174,-0.11486851423978806,-0.07092050462961197,0.021940438076853752,-0.0207412950694561,0.04268173314630985,1.0
0,85,4.25,0.11609787493944168,-0.08960868418216705,0.7035762071609497,3.1729772090911865,-0.11446179449558258,-0.06757189333438873,0.02194914035499096,-0.020729465410113335,0.042678605765104294,1.0
0,86,4.300000190734863,0.11498391628265381,-0.07845558226108551,0.7081021070480347,3.17195725440979,-0.11404669284820557,-0.06391245871782303,0.021957827731966972,-0.020717760547995567,0.04267558827996254,1.0
0,87,4.349999904632568,0.11403121799230576,-0.06724215298891068,0.7121038436889648,3.171355724334717,-0.11348830908536911,-0.0600418820977211,0.021966569125652313,-0.020706096664071083,0.042672665789723396,1.0
0,88,4.400000095367432,0.11321405321359634,-0.055975522845983505,0.7157022953033447,3.1711103916168213,-0.11271405965089798,-0.05608726665377617,0.021975412964820862,-0.020694414153695107,0.04266982711851597,1.0
0,89,4.449999809265137,0.11249618977308273,-0.044666655361652374,0.7189351320266724,3.1710588932037354,-0.11159359663724899,-0.052238527685403824,0.021984316408634186,-0.02068275213241577,0.04266706854104996,1.0
0,90,4.5,0.11184262484312057,-0.0333363339304924,0.7218239903450012,3.171107053756714,-0.1101621761918068,-0.048616744577884674,0.021993247792124748,-0.020671142265200615,0.04266439005732536,1.0
0,91,4.550000190734863,0.11123452335596085,-0.021974097937345505,0.7243424654006958,3.1712400913238525,-0.10847847163677216,-0.0452902689576149,0.022002294659614563,-0.02065950073301792,0.042661795392632484,1.0
0,92,4.599999904632568,0.11066427081823349,-0.010559765622019768,0.7264299392700195,3.171449661254883,-0.1064457818865776,-0.042330630123615265,0.02201147936284542,-0.020647801458835602,0.04265928082168102,1.0
0,93,4.650000095367432,0.11012005805969238,0.0008705569198355079,0.7281954884529114,3.171699047088623,-0.1042298749089241,-0.0397336445748806,0.022020652890205383,-0.020636197179555893,0.042656850069761276,1.0
0,94,4.699999809265137,0.10961171984672546,0.012303438037633896,0.7296351790428162,3.171980857849121,-0.10177406668663025,-0.03740139305591583,0.02202986739575863,-0.020624622702598572,0.0426544900983572,1.0
0,95,4.75,0.10914130508899689,0.023753667250275612,0.7306748032569885,3.1723079681396484,-0.09891563653945923,-0.03533875197172165,0.022039173170924187,-0.020613031461834908,0.042652204632759094,1.0
0,96,4.800000190734863,0.1087019070982933,0.03518759831786156,0.7314049601554871,3.172661542892456,-0.0958656594157219,-0.03341197595000267,0.02204841934144497,-0.020601576194167137,0.042649995535612106,1.0
0,97,4.849999904632568,0.10823765397071838,0.04660259187221527,0.7318688631057739,3.173046827316284,-0.09267288446426392,-0.03174707293510437,0.022057700902223587,-0.02059016562998295,0.042647866532206535,1.0
0,98,4.900000095367432,0.1077500581741333,0.058002129197120667,0.7321980595588684,3.1734812259674072,-0.08938736468553543,-0.030070289969444275,0.022067014127969742,-0.020578797906637192,0.042645812034606934,1.0
0,99,4.949999809265137,0.10721886903047562,0.06940321624279022,0.7323495149612427,3.17397403717041,-0.08607703447341919,-0.028611235320568085,0.022076429799199104,-0.02056743949651718,0.042643869295716286,1.0
0,100,5.0,0.1066218912601471,0.08081948012113571,0.7322582602500916,3.174522638320923,-0.08277276903390884,-0.027719028294086456,0.022086048498749733,-0.020556200295686722,0.042642248794436455,1.0
0,101,5.050000190734863,0.10598074644804001,0.09225339442491531,0.7319803237915039,3.175130844116211,-0.07948879152536392,-0.027328452095389366,0.0220956951379776,-0.020544884726405144,0.042640579864382744,1.0
0,102,5.099999904632568,0.10531748831272125,0.10370571911334991,0.7315821647644043,3.1758008003234863,-0.07622403651475906,-0.027294661849737167,0.022105425596237183,-0.02053353562951088,0.04263896122574806,1.0
0,103,5.150000095367432,0.10462707281112671,0.11517783254384995,0.7311127781867981,3.1765336990356445,-0.07298200577497482,-0.02763698250055313,0.022115252912044525,-0.02052215300500393,0.042637405917048454,1.0
0,104,5.199999809265137,0.10395155847072601,0.12670119106769562,0.7306322455406189,3.1773715019226074,-0.06972881406545639,-0.027977414429187775,0.022125307470560074,-0.020510604605078697,0.04263591207563877,1.0
0,105,5.25,0.10320130735635757,0.13826070725917816,0.7301684021949768,3.1782212257385254,-0.06635992228984833,-0.028463682159781456,0.022135410457849503,-0.02049906551837921,0.042634475976228714,1.0
0,106,5.300000190734863,0.10212138295173645,0.1497989445924759,0.7295789122581482,3.1788434982299805,-0.0625516027212143,-0.030099689960479736,0.02214539237320423,-0.0204877108335495,0.04263310320675373,1.0
0,107,5.349999904632568,0.10050934553146362,0.16126951575279236,0.7286819219589233,3.1790690422058105,-0.05787099152803421,-0.03341500461101532,0.022155174985527992,-0.02047661319375038,0.042631788179278374,1.0
0,108,5.400000095367432,0.09816113859415054,0.17253270745277405,0.7273824214935303,3.1784260272979736,-0.05173131451010704,-0.03841481730341911,0.02216429077088833,-0.020466212183237076,0.042630502954125404,1.0
0,109,5.449999809265137,0.09502651542425156,0.1834133267402649,0.7256258130073547,3.1766164302825928,-0.04413706064224243,-0.04454776644706726,0.02217244543135166,-0.020456798374652863,0.042629243806004524,1.0
0,110,5.5,0.09118892252445221,0.19383706152439117,0.7233371138572693,3.1738688945770264,-0.03531264886260033,-0.05140290781855583,0.02217976190149784,-0.02044827491044998,0.04262803681194782,1.0
0,111,5.550000190734863,0.08659150451421738,0.20364166796207428,0.7203540205955505,3.1699070930480957,-0.02538125589489937,-0.05941179022192955,0.02218574844300747,-0.02044110745191574,0.04262685589492321,1.0
0,112,5.599999904632568,0.0813974142074585,0.21239301562309265,0.7167285084724426,3.1643855571746826,-0.01480140257626772,-0.06749194860458374,0.022189337760210037,-0.020436352118849754,0.04262568987905979,1.0
0,113,5.650000095367432,0.0758701041340828,0.21999089419841766,0.7124449610710144,3.1583220958709717,-0.004119619261473417,-0.0745321735739708,0.022191543132066727,-0.02043304778635502,0.042624590918421745,1.0
0,114,5.699999809265137,0.07003849744796753,0.22661134600639343,0.7075352668762207,3.152531385421753,0.007026034407317638,-0.08041813224554062,0.022193005308508873,-0.02043057605624199,0.04262358136475086,1.0
0,115,5.75,0.06378594040870667,0.2321409285068512,0.7019997239112854,3.1471495628356934,0.01854650117456913,-0.08591599762439728,0.022192973643541336,-0.020429702475667,0.042622676119208336,1.0
0,116,5.800000190734863,0.05711193010210991,0.23611541092395782,0.6956255435943604,3.1418051719665527,0.02995162084698677,-0.09218032658100128,0.02219078317284584,-0.020431026816368103,0.042621809989213943,1.0
0,117,5.849999904632568,0.05017442628741264,0.23848886787891388,0.6884003281593323,3.1365981101989746,0.04170708730816841,-0.09890235215425491,0.022187866270542145,-0.020433098077774048,0.04262096434831619,1.0
0,118,5.900000095367432,0.04303896427154541,0.23983173072338104,0.6804488897323608,3.1322548389434814,0.05405832827091217,-0.10541865229606628,0.022185854613780975,-0.020434334874153137,0.04262018948793411,1.0
0,119,5.949999809265137,0.03583356365561485,0.24074864387512207,0.6719202399253845,3.1295886039733887,0.06660322099924088,-0.11101154237985611,0.02224988304078579,-0.020497750490903854,0.042747633531689644,1.0
0,120,6.0,0.028813151642680168,0.24135249853134155,0.6630634069442749,3.128387451171875,0.07956881076097488,-0.11464422196149826,0.02225385420024395,-0.02050279639661312,0.04275665059685707,1.0
0,121,6.050000190734863,0.02251322939991951,0.2415262758731842,0.6542990207672119,3.1280035972595215,0.09260650724172592,-0.11457451432943344,0.022249486297369003,-0.020501157268881798,0.0427506435662508,1.0
0,122,6.099999904632568,0.01683950237929821,0.24172183871269226,0.6459187865257263,3.128715991973877,0.10589669644832611,-0.11303101480007172,0.02224908210337162,-0.020500844344496727,0.04274992644786835,1.0
0,123,6.150000095367432,0.011660673655569553,0.24245235323905945,0.6380267143249512,3.1308133602142334,0.11976747959852219,-0.1127186119556427,0.022250166162848473,-0.02049967460334301,0.04274984076619148,1.0
0,124,6.199999809265137,0.006944576743990183,0.24378567934036255,0.6306355595588684,3.133742570877075,0.134042426943779,-0.11530395597219467,0.02225101739168167,-0.020498255267739296,0.04274927265942097,1.0
0,125,6.25,0.0027817334048449993,0.2455519735813141,0.6238570809364319,3.1364123821258545,0.14818473160266876,-0.12060998380184174,0.022251371294260025,-0.02049647830426693,0.042747849598526955,1.0
0,126,6.300000190734863,-0.0006823436706326902,0.24786172807216644,0.6178698539733887,3.138424873352051,0.16176894307136536,-0.1280183643102646,0.02225312404334545,-0.020494531840085983,0.042747655883431435,1.0
0,127,6.349999904632568,-0.003705930197611451,0.25094497203826904,0.6133331656455994,3.1390597820281982,0.17456573247909546,-0.13900905847549438,0.022255925461649895,-0.020490124821662903,0.0427460502833128,1.0
0,128,6.400000095367432,-0.005910004023462534,0.25466397404670715,0.6104020476341248,3.1385059356689453,0.18526387214660645,-0.15191449224948883,0.02225806564092636,-0.020488345995545387,0.04274641163647175,1.0
0,129,6.449999809265137,-0.006998155731707811,0.2585148811340332,0.6084346771240234,3.137559413909912,0.1921733021736145,-0.16551226377487183,0.02225986123085022,-0.020488014444708824,0.042747875675559044,-1.0
0,130,6.5,-0.006751654669642448,0.26192009449005127,0.607779324054718,3.1362099647521973,0.19420866668224335,-0.17708081007003784,0.022249901667237282,-0.02058744803071022,0.0428373496979475,-1.0
0,131,6.550000190734863,-0.005617152899503708,0.2646706998348236,0.6086663603782654,3.1338448524475098,0.19393107295036316,-0.18543513119220734,0.022237833589315414,-0.020770974457263947,0.04300880804657936,-1.0
0,132,6.599999904632568,-0.004169020336121321,0.2664789855480194,0.6105983853340149,3.13110613822937,0.19136105477809906,-0.19174914062023163,0.02223706990480423,-0.020992934703826904,0.043230004608631134,-1.0
0,133,6.650000095367432,-0.0029086770955473185,0.2672417163848877,0.612678587436676,3.1285817623138428,0.18524101376533508,-0.19799013435840607,0.02224770374596119,-0.021235644817352295,0.043483348563313484,-1.0
0,134,6.699999809265137,-0.0019297184189781547,0.26694339513778687,0.6146852970123291,3.126443862915039,0.17654256522655487,-0.20438067615032196,0.02233196049928665,-0.021600093692541122,0.043932054191827774,-1.0
0,135,6.75,-0.0012875660322606564,0.26563823223114014,0.6167675256729126,3.1249186992645264,0.16740316152572632,-0.21118700504302979,0.023764116689562798,-0.023377174511551857,0.047141291201114655,-1.0
0,136,6.800000190734863,-0.0008145791362039745,0.26344186067581177,0.6190256476402283,3.1239962577819824,0.15863879024982452,-0.21755075454711914,0.02672143280506134,-0.026549460366368294,0.053270893171429634,-1.0
0,137,6.849999904632568,-0.00032948865555226803,0.2605290412902832,0.621503472328186,3.12341046333313,0.1501411646604538,-0.2225247472524643,0.030568521469831467,-0.03052404895424843,0.061092570424079895,-1.0
0,138,6.900000095367432,0.00022329771309159696,0.2570563852787018,0.6240758895874023,3.1228511333465576,0.1410520225763321,-0.22612929344177246,0.03411733731627464,-0.03414654731750488,0.06826388463377953,-1.0
0,139,6.949999809265137,0.0007505801040679216,0.2532559931278229,0.6268377304077148,3.1224117279052734,0.13049113750457764,-0.22890326380729675,0.03623587265610695,-0.03629063442349434,0.07252650707960129,-1.0
0,140,7.0,0.0011750549310818315,0.24904119968414307,0.6300007700920105,3.1219701766967773,0.1181744635105133,-0.23151211440563202,0.03742483630776405,-0.03750038892030716,0.07492522522807121,-1.0
0,141,7.050000190734863,0.0015138501767069101,0.2443828135728836,0.6335050463676453,3.1216561794281006,0.1045173779129982,-0.23427991569042206,0.038090918213129044,-0.038180988281965256,0.0762719064950943,-1.0
0,142,7.099999904632568,0.0021103499457240105,0.23936089873313904,0.6372702717781067,3.121926784515381,0.08982187509536743,-0.23614072799682617,0.03846316784620285,-0.03856519237160683,0.07702836021780968,-1.0
0,143,7.150000095367432,0.003181369509547949,0.2340582311153412,0.6411757469177246,3.1227777004241943,0.0751398578286171,-0.2363893687725067,0.03867160901427269,-0.03878191486001015,0.07745352387428284,-1.0
0,144,7.199999809265137,0.004908998962491751,0.22846443951129913,0.6449993848800659,3.1240034103393555,0.062079817056655884,-0.2345305234193802,0.03878546133637428,-0.03890711069107056,0.07769257202744484,-1.0
0,145,7.25,0.00723879411816597,0.22246766090393066,0.6484265327453613,3.1253139972686768,0.05092371255159378,-0.23145398497581482,0.03884565085172653,-0.03898340091109276,0.07782905176281929,-1.0
0,146,7.300000190734863,0.01025939267128706,0.21598297357559204,0.6512099504470825,3.1267292499542236,0.04144655168056488,-0.22734063863754272,0.03889286145567894,-0.039038944989442825,0.07793180644512177,-1.0
0,147,7.349999904632568,0.013987497426569462,0.20892846584320068,0.6531782746315002,3.1281464099884033,0.0333242192864418,-0.2226063311100006,0.038935717195272446,-0.039087411016225815,0.07802312821149826,-1.0
0,148,7.400000095367432,0.018266750499606133,0.20130622386932373,0.6541954874992371,3.12943434715271,0.025856925174593925,-0.21802985668182373,0.03897625580430031,-0.03913199156522751,0.07810824736952782,-1.0
0,149,7.449999809265137,0.023261835798621178,0.19337902963161469,0.6542636156082153,3.1310338973999023,0.019347576424479485,-0.21264617145061493,0.03901532664895058,-0.03917398303747177,0.07818930968642235,-1.0
0,150,7.5,0.029130931943655014,0.18538148701190948,0.6536337733268738,3.13257098197937,0.014722974970936775,-0.2052575796842575,0.03905303776264191,-0.03921384736895561,0.07826688513159752,-1.0
0,151,7.550000190734863,0.0355689711868763,0.1773976981639862,0.6523293256759644,3.133401393890381,0.011682908982038498,-0.19719135761260986,0.039089225232601166,-0.039251916110515594,0.07834114134311676,-1.0
0,152,7.599999904632568,0.04251754283905029,0.16943809390068054,0.650341808795929,3.133333444595337,0.009715264663100243,-0.1884593367576599,0.039123911410570145,-0.03928830474615097,0.07841221615672112,-1.0
0,153,7.650000095367432,0.04990573599934578,0.16161152720451355,0.6477810144424438,3.1324007511138916,0.008651899173855782,-0.1789933145046234,0.039157427847385406,-0.03932281583547592,0.07848024368286133,-1.0
0,154,7.699999809265137,0.057607997208833694,0.1539613902568817,0.6447439789772034,3.130887269973755,0.008072301745414734,-0.16927270591259003,0.039189618080854416,-0.03935573995113373,0.07854535803198814,-1.0
0,155,7.75,0.06558096408843994,0.14640748500823975,0.6413102149963379,3.1290924549102783,0.007568088825792074,-0.15942563116550446,0.03922027722001076,-0.03938740864396095,0.07860768586397171,-1.0
0,156,7.800000190734863,0.07370965927839279,0.13886809349060059,0.6375677585601807,3.1273081302642822,0.006997807417064905,-0.14980930089950562,0.039249420166015625,-0.039417918771505356,0.07866733893752098,-1.0
0,157,7.849999904632568,0.081907257437706,0.1312391757965088,0.6336876153945923,3.1257829666137695,0.006325807422399521,-0.1404728889465332,0.03927695378661156,-0.039447490125894547,0.0787244439125061,-1.0
0,158,7.900000095367432,0.09009037911891937,0.12345586717128754,0.6298699378967285,3.1247167587280273,0.005599789787083864,-0.1312130242586136,0.0393030010163784,-0.039476096630096436,0.07877909764647484,-1.0
0,159,7.949999809265137,0.09815580397844315,0.11529915034770966,0.6261520981788635,3.1239476203918457,0.004743008874356747,-0.12206226587295532,0.039327025413513184,-0.03950437903404236,0.07883140444755554,-1.0
0,160,8.0,0.10591001063585281,0.10655134171247482,0.6225025057792664,3.1230835914611816,0.0037909983657300472,-0.11346811056137085,0.0393490232527256,-0.03953244164586067,0.07888146489858627,-1.0
0,161,8.050000190734863,0.11305797100067139,0.09711412340402603,0.6187483072280884,3.121894359588623,0.002812073566019535,-0.10637291520833969,0.03936907649040222,-0.03956030309200287,0.07892937958240509,-1.0
0,162,8.100000381469727,0.11920976638793945,0.08695734292268753,0.6148747205734253,3.120248317718506,0.0019174698973074555,-0.10206349939107895,0.03938727825880051,-0.03958796337246895,0.07897524163126945,-1.0
0,163,8.149999618530273,0.12396685034036636,0.0762571394443512,0.6111050248146057,3.1186225414276123,0.0010891344863921404,-0.1015862226486206,0.03940422460436821,-0.03961490839719772,0.07901913300156593,-1.0
0,164,8.199999809265137,0.12738053500652313,0.06541956961154938,0.607396125793457,3.117449998855591,0.0005910026375204325,-0.10376612842082977,0.0394209548830986,-0.03964018449187279,0.07906113937497139,-1.0
0,165,8.25,0.12956450879573822,0.05515388399362564,0.6034225821495056,3.1167876720428467,0.0008244381751865149,-0.10738076269626617,0.03943898156285286,-0.03966237232089043,0.07910135388374329,-1.0
0,166,8.300000190734863,0.1311473548412323,0.04665466025471687,0.5983213782310486,3.117290496826172,0.002403376391157508,-0.10893698781728745,0.03946062922477722,-0.03967922180891037,0.07913985103368759,-1.0
0,167,8.350000381469727,0.13223503530025482,0.03971242532134056,0.5918105244636536,3.118044376373291,0.005000481382012367,-0.10826657712459564,0.03948182985186577,-0.03969487547874451,0.07917670533061028,-1.0
0,168,8.399999618530273,0.1327725350856781,0.03357729688286781,0.5843130946159363,3.118398666381836,0.008331025950610638,-0.10611490905284882,0.03950178250670433,-0.03971020504832268,0.07921198755502701,-1.0
0,169,8.449999809265137,0.13259437680244446,0.028208965435624123,0.575833261013031,3.1185736656188965,0.01336689107120037,-0.10375294834375381,0.03952179476618767,-0.039723969995975494,0.07924576476216316,-1.0
0,170,8.5,0.13151268661022186,0.023800065740942955,0.5665315985679626,3.118736505508423,0.021070320159196854,-0.10210955142974854,0.03954190015792847,-0.039736196398735046,0.07927809655666351,-1.0
0,171,8.550000190734863,0.12972736358642578,0.020194334909319878,0.5566267967224121,3.1188318729400635,0.030685488134622574,-0.1000671237707138,0.039561137557029724,-0.03974791243672371,0.07930904999375343,-1.0
0,172,8.600000381469727,0.1273735910654068,0.01741401106119156,0.5460724830627441,3.118966817855835,0.04200651869177818,-0.09703025221824646,0.03958018496632576,-0.03975849971175194,0.0793386846780777,-1.0
0,173,8.649999618530273,0.12454356253147125,0.015826938673853874,0.5350109338760376,3.1194255352020264,0.05569877475500107,-0.09259162098169327,0.03959954157471657,-0.03976750746369362,0.07936704903841019,-1.0
0,174,8.699999809265137,0.12142159044742584,0.014975554309785366,0.5237700343132019,3.1191303730010986,0.07106354832649231,-0.08633242547512054,0.03961683809757233,-0.039777372032403946,0.07939421012997627,-1.0
0,175,8.75,0.11783196032047272,0.014822740107774734,0.5126989483833313,3.1178433895111084,0.08709582686424255,-0.08002427220344543,0.039633870124816895,-0.039786338806152344,0.07942020893096924,-1.0
0,176,8.800000190734863,0.11345921456813812,0.015385514125227928,0.5021955370903015,3.1155459880828857,0.10312666743993759,-0.07613618671894073,0.03965001553297043,-0.03979507461190224,0.07944509014487267,-1.0
0,177,8.850000381469727,0.10828876495361328,0.01636616885662079,0.4925382733345032,3.11189866065979,0.11923075467348099,-0.07526944577693939,0.039664797484874725,-0.03980410844087601,0.07946890592575073,-1.0
0,178,8.899999618530273,0.10255827009677887,0.017450151965022087,0.4838812053203583,3.106842517852783,0.13553018867969513,-0.07617176324129105,0.03967825695872307,-0.039813440293073654,0.07949169725179672,-1.0
0,179,8.949999809265137,0.09634462743997574,0.018386641517281532,0.4761432111263275,3.1008100509643555,0.151900514960289,-0.07812897115945816,0.03969051316380501,-0.039823003113269806,0.07951351627707481,-1.0
0,180,9.0,0.08977535367012024,0.01895018480718136,0.46902111172676086,3.0945956707000732,0.16815510392189026,-0.08037429302930832,0.03970150277018547,-0.03983289375901222,0.07953439652919769,-1.0
0,181,9.050000190734863,0.0828288197517395,0.019433338195085526,0.46206119656562805,3.0893707275390625,0.1845170110464096,-0.08361998200416565,0.03971278667449951,-0.03984159976243973,0.07955438643693924,-1.0
0,182,9.100000381469727,0.07578811049461365,0.01984325982630253,0.45499011874198914,3.085280179977417,0.20064441859722137,-0.08782157301902771,0.03972306847572327,-0.039850447326898575,0.07957351580262184,-1.0
0,183,9.149999618530273,0.06939613074064255,0.020109985023736954,0.4482448399066925,3.082134246826172,0.21561779081821442,-0.09072308987379074,0.03973231092095375,-0.0398089773952961,0.07954128831624985,1.0
0,184,9.199999809265137,0.06906232237815857,0.020990876480937004,0.44858503341674805,3.0832228660583496,0.21560128033161163,-0.07632157951593399,0.039299964904785156,-0.038914814591407776,0.07821477949619293,1.0
0,185,9.25,0.06887409836053848,0.02203814499080181,0.44851380586624146,3.0844082832336426,0.21562232077121735,-0.07169848680496216,0.03714654594659805,-0.037843700498342514,0.07499024644494057,1.0
0,186,9.300000190734863,0.06872568279504776,0.023252662271261215,0.4484526216983795,3.084930419921875,0.215778648853302,-0.07510384917259216,0.033752962946891785,-0.036611661314964294,0.07036462426185608,1.0
0,187,9.350000381469727,0.06859679520130157,0.024637755006551743,0.44846445322036743,3.0840821266174316,0.2159300446510315,-0.08420150727033615,0.029657643288373947,-0.035223428159952164,0.06488107144832611,1.0
0,188,9.399999618530273,0.06796493381261826,0.025612201541662216,0.4484924077987671,3.0801784992218018,0.21976734697818756,-0.09891241043806076,0.02514852024614811,-0.0309084914624691,0.05605701170861721,1.0
0,189,9.449999809265137,0.06739214062690735,0.02573138102889061,0.4488295316696167,3.0735106468200684,0.22696223855018616,-0.11478032171726227,0.020415760576725006,-0.024227993562817574,0.04464375413954258,1.0
0,190,9.5,0.0672166645526886,0.02579129859805107,0.45048099756240845,3.066451072692871,0.23381862044334412,-0.12919171154499054,0.019739510491490364,-0.02243792451918125,0.042177435010671616,1.0
0,191,9.550000190734863,0.06782355904579163,0.026048555970191956,0.4539172053337097,3.0608952045440674,0.2366892248392105,-0.13982878625392914,0.019782643765211105,-0.022063003852963448,0.04184564761817455,1.0
0,192,9.600000381469727,0.06924201548099518,0.02650422416627407,0.4588303565979004,3.0572118759155273,0.23692040145397186,-0.14691618084907532,0.019742654636502266,-0.021972820162773132,0.0417154747992754,1.0
0,193,9.649999618530273,0.07155346870422363,0.02694469504058361,0.46520116925239563,3.054774045944214,0.23650074005126953,-0.15064798295497894,0.019696805626153946,-0.021896179765462875,0.04159298539161682,1.0
0,194,9.699999809265137,0.07470560818910599,0.027221493422985077,0.47317588329315186,3.0530166625976562,0.23578469455242157,-0.15151330828666687,0.01965245045721531,-0.021821998059749603,0.04147444851696491,1.0
0,195,9.75,0.07862432301044464,0.027060765773057938,0.4830785393714905,3.051816940307617,0.23466669023036957,-0.15021716058254242,0.019608400762081146,-0.021750524640083313,0.04135892540216446,1.0
0,196,9.800000190734863,0.08295007050037384,0.026425756514072418,0.4943729043006897,3.051140308380127,0.23362889885902405,-0.1483612060546875,0.019566690549254417,-0.021677851676940918,0.041244542226195335,1.0
0,197,9.850000381469727,0.08755407482385635,0.025585267692804337,0.5062659382820129,3.050917148590088,0.2330133467912674,-0.1457250565290451,0.019527729600667953,-0.021604226902127266,0.04113195650279522,1.0
0,198,9.899999618530273,0.09212049096822739,0.024839485064148903,0.5183712244033813,3.05076003074646,0.23289243876934052,-0.14300218224525452,0.019491780549287796,-0.02152915485203266,0.04102093540132046,1.0
0,199,9.949999809265137,0.09636194258928299,0.02444159984588623,0.5305784344673157,3.050654411315918,0.2330687791109085,-0.14097587764263153,0.01945841871201992,-0.02145356684923172,0.04091198556125164,1.0
0,200,10.0,0.10006096214056015,0.024249250069260597,0.5428590774536133,3.050502061843872,0.23315447568893433,-0.14032387733459473,0.01942594163119793,-0.021379390731453896,0.040805332362651825,1.0
0,201,10.050000190734863,0.1032770499587059,0.02484867535531521,0.555245578289032,3.0507566928863525,0.23373067378997803,-0.1401563137769699,0.01939805969595909,-0.02130069024860859,0.04069874994456768,1.0
0,202,10.100000381469727,0.10588721930980682,0.026869406923651695,0.5677083730697632,3.051520347595215,0.23499158024787903,-0.14053599536418915,0.019373569637537003,-0.02122102677822113,0.04059459641575813,1.0
0,203,10.149999618530273,0.10761214792728424,0.030423389747738838,0.5802708864212036,3.0524961948394775,0.23683224618434906,-0.1422736495733261,0.01935090683400631,-0.021141670644283295,0.040492577478289604,1.0
0,204,10.199999809265137,0.10838916897773743,0.03514816612005234,0.592964231967926,3.0528337955474854,0.23878701031208038,-0.14520017802715302,0.019329039379954338,-0.021066026762127876,0.040395066142082214,1.0
0,205,10.25,0.10871580243110657,0.04087670147418976,0.6057338118553162,3.0520553588867188,0.24052131175994873,-0.1467714011669159,0.019309962168335915,-0.021004902198910713,0.04031486436724663,1.0
0,206,10.300000190734863,0.10864950716495514,0.04751066118478775,0.6184802055358887,3.0497868061065674,0.24187517166137695,-0.14679177105426788,0.019292177632451057,-0.020942119881510735,0.04023429751396179,1.0
0,207,10.350000381469727,0.10763997584581375,0.05501085892319679,0.6300522685050964,3.046048879623413,0.24296347796916962,-0.14848141372203827,0.019277360290288925,-0.02088053524494171,0.04015789553523064,1.0
0,208,10.399999618530273,0.10575231164693832,0.06328371912240982,0.6400530338287354,3.0410821437835693,0.24374108016490936,-0.15173177421092987,0.019264254719018936,-0.020821530371904373,0.04008578509092331,1.0
0,209,10.449999809265137,0.10321494191884995,0.07226256281137466,0.648756206035614,3.034806966781616,0.24453775584697723,-0.1552516371011734,0.019252760335803032,-0.020762870088219643,0.040015630424022675,1.0
0,210,10.5,0.10034188628196716,0.08181877434253693,0.6565786004066467,3.0277504920959473,0.24484634399414062,-0.15763263404369354,0.019241871312260628,-0.020706286653876305,0.03994815796613693,1.0
0,211,10.550000190734863,0.09738121926784515,0.09176786988973618,0.6636533737182617,3.020629644393921,0.24456895887851715,-0.15838220715522766,0.019231408834457397,-0.020651046186685562,0.03988245502114296,1.0
0,212,10.600000381469727,0.09428796172142029,0.10188674926757812,0.6700863838195801,3.0133168697357178,0.2439671754837036,-0.15828584134578705,0.01922202669084072,-0.02059914357960224,0.03982117027044296,1.0
0,213,10.649999618530273,0.0910797193646431,0.11210434883832932,0.6759288311004639,3.005877733230591,0.24320870637893677,-0.1575724184513092,0.019220106303691864,-0.02056017890572548,0.03978028520941734,1.0
0,214,10.699999809265137,0.087799072265625,0.12234952300786972,0.6811472773551941,2.998279333114624,0.24236825108528137,-0.1563793271780014,0.019219834357500076,-0.02052370086312294,0.039743535220623016,1.0
0,215,10.75,0.08434724807739258,0.1326545625925064,0.6853219866752625,2.9905245304107666,0.2415975034236908,-0.1555427461862564,0.01922248862683773,-0.020489932969212532,0.03971242159605026,1.0
0,216,10.800000190734863,0.08068345487117767,0.14304733276367188,0.6882359385490417,2.9827370643615723,0.24088895320892334,-0.15529559552669525,0.019226696342229843,-0.02045787125825882,0.03968456760048866,1.0
0,217,10.850000381469727,0.0768185630440712,0.1535142958164215,0.6900827884674072,2.9749999046325684,0.24018332362174988,-0.1553499847650528,0.019231632351875305,-0.020426999777555466,0.03965863212943077,1.0
0,218,10.899999618530273,0.07268357276916504,0.16399544477462769,0.6910744309425354,2.967100143432617,0.2394452542066574,-0.15575847029685974,0.019237078726291656,-0.020397396758198738,0.039634475484490395,1.0
0,219,10.949999809265137,0.06812598556280136,0.17445708811283112,0.6914625763893127,2.9588537216186523,0.2388165146112442,-0.15686413645744324,0.019242988899350166,-0.0203690268099308,0.03961201570928097,1.0
0,220,11.0,0.06305912137031555,0.18489448726177216,0.6915167570114136,2.9504220485687256,0.23832093179225922,-0.158598393201828,0.019249286502599716,-0.020341889932751656,0.03959117643535137,1.0
0,221,11.050000190734863,0.057577505707740784,0.1952030062675476,0.691103458404541,2.9415955543518066,0.2379315048456192,-0.1599448323249817,0.01925572007894516,-0.020316261798143387,0.03957198187708855,1.0
0,222,11.100000381469727,0.05166371539235115,0.2053082287311554,0.6899718642234802,2.9323134422302246,0.23817569017410278,-0.16074588894844055,0.01926231011748314,-0.020292015746235847,0.039554325863718987,1.0
0,223,11.149999618530273,0.04551347717642784,0.21506060659885406,0.6880897283554077,2.9230895042419434,0.23934641480445862,-0.16071432828903198,0.019268425181508064,-0.02026963420212269,0.03953805938363075,1.0
0,224,11.199999809265137,0.039156459271907806,0.22400487959384918,0.6853353977203369,2.914400577545166,0.24096548557281494,-0.16148556768894196,0.019273018464446068,-0.02025001123547554,0.03952302969992161,1.0
0,225,11.25,0.03283155709505081,0.23200979828834534,0.6819210052490234,2.907057523727417,0.24277471005916595,-0.16326600313186646,0.01927660033106804,-0.020232554525136948,0.03950915485620499,1.0
0,226,11.300000190734863,0.026792598888278008,0.23928813636302948,0.6782364249229431,2.90140700340271,0.24444155395030975,-0.16488520801067352,0.019279776141047478,-0.020216627046465874,0.03949640318751335,1.0
0,227,11.350000381469727,0.02117418311536312,0.24580906331539154,0.6743865013122559,2.897425889968872,0.2452019602060318,-0.16611652076244354,0.0192820243537426,-0.020202646031975746,0.039484670385718346,1.0
0,228,11.399999618530273,0.016158312559127808,0.2514335811138153,0.6702966094017029,2.895083427429199,0.2448100447654724,-0.16695824265480042,0.019283417612314224,-0.020190488547086716,0.03947390615940094,1.0
0,229,11.449999809265137,0.011922147125005722,0.2562832534313202,0.6660202145576477,2.894256830215454,0.24407251179218292,-0.1668001413345337,0.019284626469016075,-0.020179439336061478,0.03946406580507755,1.0
0,230,11.5,0.00839155912399292,0.26041653752326965,0.6617048978805542,2.8943216800689697,0.24352236092090607,-0.16593146324157715,0.019285641610622406,-0.020169656723737717,0.03945529833436012,1.0
0,231,11.550000190734863,0.0054041179828345776,0.26370468735694885,0.657340407371521,2.894545555114746,0.243131622672081,-0.16522617638111115,0.019286194816231728,-0.02016117051243782,0.03944736532866955,1.0
0,232,11.600000381469727,0.003025417448952794,0.26607245206832886,0.6528964042663574,2.894620418548584,0.24257659912109375,-0.16454754769802094,0.019286341965198517,-0.020153656601905823,0.03943999856710434,1.0
0,233,11.649999618530273,0.0012743925908580422,0.267760694026947,0.6483911275863647,2.8954453468322754,0.24203981459140778,-0.16429516673088074,0.019286908209323883,-0.020146191120147705,0.03943309932947159,1.0
0,234,11.699999809265137,0.00030213361606001854,0.2689518332481384,0.6440675854682922,2.8977560997009277,0.2417146861553192,-0.16407352685928345,0.019287588074803352,-0.020139049738645554,0.039426637813448906,1.0
0,235,11.75,-0.00031324251904152334,0.2697506546974182,0.6401000618934631,2.9009697437286377,0.24189406633377075,-0.16523554921150208,0.019288821145892143,-0.020131882280111313,0.039420703426003456,1.0
0,236,11.800000190734863,-0.0005116182146593928,0.27025866508483887,0.6364579200744629,2.906177282333374,0.24246066808700562,-0.1693735420703888,0.019290264695882797,-0.0201247725635767,0.039415037259459496,1.0
0,237,11.850000381469727,9.501571184955537e-05,0.27036646008491516,0.6330903172492981,2.913775682449341,0.24357223510742188,-0.1766565889120102,0.019291792064905167,-0.020117932930588722,0.03940972499549389,1.0
0,238,11.899999618530273,0.0013371286913752556,0.26986226439476013,0.6301360726356506,2.922250270843506,0.24522368609905243,-0.18677183985710144,0.01929352805018425,-0.02011142298579216,0.03940495103597641,1.0
0,239,11.949999809265137,0.0028625838458538055,0.26892054080963135,0.62786465883255,2.9309513568878174,0.2474701702594757,-0.19960494339466095,0.01929645426571369,-0.020104149356484413,0.039400603622198105,1.0
0,240,12.0,0.004686342552304268,0.2678396999835968,0.6264125108718872,2.9400200843811035,0.25038740038871765,-0.21432830393314362,0.019300421699881554,-0.020096171647310257,0.03939659334719181,-1.0
0,241,12.050000190734863,0.00653459457680583,0.26678267121315,0.6255697011947632,2.9487526416778564,0.25366735458374023,-0.23061901330947876,0.019405566155910492,-0.020121634006500244,0.039527200162410736,-1.0
0,242,12.100000381469727,0.0081266975030303,0.2658805549144745,0.6252185106277466,2.9564900398254395,0.25603246688842773,-0.24706527590751648,0.019596679136157036,-0.020169923081994057,0.03976660221815109,-1.0
0,243,12.149999618530273,0.009173509664833546,0.2652435898780823,0.6253038048744202,2.962693452835083,0.257019579410553,-0.26263636350631714,0.019798817113041878,-0.02025308832526207,0.04005190543830395,-1.0
0,244,12.199999809265137,0.009609258733689785,0.2647898495197296,0.6258448362350464,2.966240644454956,0.25802043080329895,-0.275360107421875,0.020003674551844597,-0.02038743533194065,0.04039110988378525,-1.0
0,245,12.25,0.009301068261265755,0.26461061835289,0.6266697645187378,2.9673190116882324,0.25940486788749695,-0.2847842276096344,0.020559560507535934,-0.02088969387114048,0.041449254378676414,-1.0
0,246,12.300000190734863,0.008125467225909233,0.26469647884368896,0.6274855136871338,2.9666731357574463,0.260499507188797,-0.2924386262893677,0.02270933985710144,-0.02300311252474785,0.04571245238184929,-1.0
0,247,12.350000381469727,0.00635446747764945,0.26495933532714844,0.6282625198364258,2.9651613235473633,0.26110169291496277,-0.29869213700294495,0.026098791509866714,-0.026374533772468567,0.05247332528233528,-1.0
0,248,12.399999618530273,0.004285670351237059,0.2653442323207855,0.6291723847389221,2.96355938911438,0.2615615725517273,-0.30317649245262146,0.030193515121936798,-0.030460858717560768,0.060654373839497566,-1.0
0,249,12.449999809265137,0.0020815515890717506,0.26579830050468445,0.6303326487541199,2.9623141288757324,0.2617582380771637,-0.3057391941547394,0.033883146941661835,-0.03414928540587425,0.06803243234753609,-1.0
0,250,12.5,-0.00010097551421495155,0.2661305069923401,0.6316608190536499,2.9613187313079834,0.2618829607963562,-0.3071749806404114,0.03606724366545677,-0.036345429718494415,0.07241267338395119,-1.0
0,251,12.550000190734863,-0.001960414694622159,0.26630347967147827,0.6330791115760803,2.960862398147583,0.26197290420532227,-0.30758389830589294,0.037292446941137314,-0.03758162632584572,0.07487407326698303,-1.0
0,252,12.600000381469727,-0.0033298982307314873,0.2663358747959137,0.634502649307251,2.9610958099365234,0.261892706155777,-0.30705520510673523,0.03797771409153938,-0.038274362683296204,0.07625207677483559,-1.0
0,253,12.649999618530273,-0.004156284965574741,0.26624730229377747,0.6358619928359985,2.9619011878967285,0.26157963275909424,-0.305889755487442,0.038361214101314545,-0.0386616550385952,0.07702286913990974,-1.0
0,254,12.699999809265137,-0.00474665779620409,0.2660737931728363,0.6371484398841858,2.962799310684204,0.2613829970359802,-0.30547285079956055,0.03857822343707085,-0.03887556493282318,0.07745378836989403,-1.0
0,255,12.75,-0.005254819057881832,0.2658882737159729,0.6384053230285645,2.9636788368225098,0.2613559663295746,-0.3061463534832001,0.03870125487446785,-0.03899340331554413,0.07769465819001198,-1.0
0,256,12.800000190734863,-0.005692199803888798,0.26576295495033264,0.6396205425262451,2.964811086654663,0.2615054249763489,-0.30779829621315,0.038771964609622955,-0.039057470858097076,0.07782943546772003,-1.0
0,257,12.850000381469727,-0.006007810588926077,0.26567116379737854,0.6407502889633179,2.966356039047241,0.26180487871170044,-0.31027427315711975,0.038819488137960434,-0.03910429775714874,0.07792378589510918,-1.0
