episode_id,task_stage,task_stage_index,comparison_condition,metric,count,mean,median,std
0,0–20%,0,Paraphrase,translation_language_distance,4,0.18927241720416568,0.1572434031806617,0.10181306734816542
1,0–20%,0,Paraphrase,translation_language_distance,4,0.20592343913352756,0.18281123704547667,0.11554181735284393
2,0–20%,0,Paraphrase,translation_language_distance,4,0.19773404150023738,0.18664089758537863,0.0957539568904436
3,0–20%,0,Paraphrase,translation_language_distance,4,0.176921018709511,0.17333759844183766,0.05823987383957196
4,0–20%,0,Paraphrase,translation_language_distance,4,0.11870119692243447,0.12659691152729272,0.035955737281831456
5,0–20%,0,Paraphrase,translation_language_distance,4,0.1851149008071031,0.1710109047946749,0.1039508446230028
6,0–20%,0,Paraphrase,translation_language_distance,4,0.18635149688621921,0.12826274622688527,0.12568627216536118
7,0–20%,0,Paraphrase,translation_language_distance,5,0.1715129219330518,0.1944797662664469,0.04030015434203283
8,0–20%,0,Paraphrase,translation_language_distance,4,0.20024566964094864,0.15051655374424028,0.1383648274423021
9,0–20%,0,Paraphrase,translation_language_distance,4,0.21548826052178346,0.1990589453830537,0.10324941016784654
0,0–20%,0,Paraphrase,rotation_language_distance,4,0.015033709590396663,0.013787047290932847,0.0052559564144320494
1,0–20%,0,Paraphrase,rotation_language_distance,4,0.02099668765764262,0.017362153281419122,0.012736727820957954
2,0–20%,0,Paraphrase,rotation_language_distance,4,0.012939780610722191,0.01029785716919477,0.010263029864393959
3,0–20%,0,Paraphrase,rotation_language_distance,4,0.01383899868361551,0.01585091078697206,0.007372243999312227
4,0–20%,0,Paraphrase,rotation_language_distance,4,0.006765105514328273,0.00628322292210896,0.002496832743762244
5,0–20%,0,Paraphrase,rotation_language_distance,4,0.02032885455051446,0.01712580729623262,0.01434392782204419
6,0–20%,0,Paraphrase,rotation_language_distance,4,0.013239336739606658,0.011670081782597451,0.0065680427481405205
7,0–20%,0,Paraphrase,rotation_language_distance,5,0.014460077312583749,0.010496514816445611,0.006047160435994362
8,0–20%,0,Paraphrase,rotation_language_distance,4,0.012141561535743063,0.009142188264433944,0.007863375350906778
9,0–20%,0,Paraphrase,rotation_language_distance,4,0.010764251756175673,0.009365875128514955,0.008462425072314143
0,0–20%,0,Paraphrase,gripper_language_difference,4,0.00439178943634036,0.004263877868652344,0.002593306395561436
1,0–20%,0,Paraphrase,gripper_language_difference,4,0.003363519906997736,0.0028991401195527233,0.0016988880524632503
2,0–20%,0,Paraphrase,gripper_language_difference,4,0.006789028644561934,0.007148087024688943,0.00292386455037378
3,0–20%,0,Paraphrase,gripper_language_difference,4,0.020436137914657565,0.008293092250823975,0.02985189529409983
4,0–20%,0,Paraphrase,gripper_language_difference,4,0.0030974596738815308,0.001075595617294367,0.004709958370486034
5,0–20%,0,Paraphrase,gripper_language_difference,4,0.0023096799850464422,0.0019625425338746227,0.0023450291746378873
6,0–20%,0,Paraphrase,gripper_language_difference,4,0.002906948328018355,0.003214120864868275,0.001598718898839513
7,0–20%,0,Paraphrase,gripper_language_difference,5,0.003754174709320002,0.003645658493041992,0.0011975122378543317
8,0–20%,0,Paraphrase,gripper_language_difference,4,0.0042602419853211,0.0036174058914184015,0.004576603095284549
9,0–20%,0,Paraphrase,gripper_language_difference,4,0.009955033659934887,0.007614344358444103,0.006809066136954501
0,0–20%,0,Paraphrase,full_action_language_distance,4,0.19002331780960427,0.15774327705246277,0.10172299045604018
1,0–20%,0,Paraphrase,full_action_language_distance,4,0.2072864948479313,0.18472918585460255,0.11561552667955975
2,0–20%,0,Paraphrase,full_action_language_distance,4,0.19835884429601036,0.1869821804263199,0.09611155434751499
3,0–20%,0,Paraphrase,full_action_language_distance,4,0.1818849309355194,0.1744309966813108,0.05267635499333507
4,0–20%,0,Paraphrase,full_action_language_distance,4,0.11900960857094564,0.1269745025153416,0.036018010707085074
5,0–20%,0,Paraphrase,full_action_language_distance,4,0.18655124593359987,0.17196072320710412,0.10422747708217604
6,0–20%,0,Paraphrase,full_action_language_distance,4,0.18690447366207016,0.12890566242237572,0.1257477850121089
7,0–20%,0,Paraphrase,full_action_language_distance,5,0.17220872068170728,0.19473978415909857,0.0405233000064305
8,0–20%,0,Paraphrase,full_action_language_distance,4,0.20076347404803735,0.15076510073497446,0.1384611880979358
9,0–20%,0,Paraphrase,full_action_language_distance,4,0.21629152512355246,0.19964643467561113,0.10296893339449585
0,0–20%,0,Contradictory,translation_language_distance,4,0.2960457968852826,0.25356109444782726,0.22069515643899226
1,0–20%,0,Contradictory,translation_language_distance,4,0.294552046806719,0.22734261565165642,0.158491180624849
2,0–20%,0,Contradictory,translation_language_distance,4,0.28822451324362275,0.2565952318251043,0.16100327219858693
3,0–20%,0,Contradictory,translation_language_distance,4,0.2680862847012396,0.2665468963676188,0.08294677790953814
4,0–20%,0,Contradictory,translation_language_distance,4,0.1644183307992847,0.16699946274153793,0.0609776070998098
5,0–20%,0,Contradictory,translation_language_distance,4,0.19079463467652832,0.13181261087824858,0.1604147366393322
6,0–20%,0,Contradictory,translation_language_distance,4,0.23876081783041736,0.16681154824618494,0.18154886614549354
7,0–20%,0,Contradictory,translation_language_distance,5,0.23011354878263637,0.2445852823910108,0.11411916633472871
8,0–20%,0,Contradictory,translation_language_distance,4,0.3303181233973781,0.24753278784174773,0.20229767864642212
9,0–20%,0,Contradictory,translation_language_distance,4,0.3185863613987391,0.35048016925815506,0.18451134645541667
0,0–20%,0,Contradictory,rotation_language_distance,4,0.018505372826995704,0.014593779240647437,0.010820017292339645
1,0–20%,0,Contradictory,rotation_language_distance,4,0.019388611581762454,0.014979384672349676,0.01516906081594573
2,0–20%,0,Contradictory,rotation_language_distance,4,0.017702072674745002,0.013739874128453672,0.01142843023153866
3,0–20%,0,Contradictory,rotation_language_distance,4,0.011580396302220297,0.011246910961156495,0.0023677657048832485
4,0–20%,0,Contradictory,rotation_language_distance,4,0.009567969546415554,0.008228484358220189,0.008202162763233916
5,0–20%,0,Contradictory,rotation_language_distance,4,0.02128397313290604,0.018915268884859154,0.018177182060251602
6,0–20%,0,Contradictory,rotation_language_distance,4,0.016173426030795274,0.01569373473540814,0.006623781824792043
7,0–20%,0,Contradictory,rotation_language_distance,5,0.020568950920502378,0.019515057858254078,0.007405291698824019
8,0–20%,0,Contradictory,rotation_language_distance,4,0.018092837286895074,0.02020811034059552,0.00834335245613854
9,0–20%,0,Contradictory,rotation_language_distance,4,0.028149125359056927,0.02347707727409243,0.018403596079682588
0,0–20%,0,Contradictory,gripper_language_difference,4,0.007559671998023987,0.006470680236816406,0.0056032708343812946
1,0–20%,0,Contradictory,gripper_language_difference,4,0.002633869647979764,0.001121431589126698,0.00336064786700699
2,0–20%,0,Contradictory,gripper_language_difference,4,0.006065577268600575,0.0054291486740113415,0.0017306615180534164
3,0–20%,0,Contradictory,gripper_language_difference,4,0.5006680190563201,0.012763023376464844,0.9837694401407348
4,0–20%,0,Contradictory,gripper_language_difference,4,0.0048810243606567105,0.003168106079101507,0.0036971916333803072
5,0–20%,0,Contradictory,gripper_language_difference,4,0.005671530961990273,0.006145983934402299,0.0013139577210959865
6,0–20%,0,Contradictory,gripper_language_difference,4,0.007154360413551386,0.007263749837875477,0.004861093112493432
7,0–20%,0,Contradictory,gripper_language_difference,5,0.4073630332946778,0.005817532539367676,0.8973539508691754
8,0–20%,0,Contradictory,gripper_language_difference,4,0.5079701095819473,0.004760861396789495,1.0076594879523346
9,0–20%,0,Contradictory,gripper_language_difference,4,0.5146906971931458,0.012806683778762706,1.0086843426067675
0,0–20%,0,Contradictory,full_action_language_distance,4,0.29682617880430684,0.25415526464761223,0.22084095940886328
1,0–20%,0,Contradictory,full_action_language_distance,4,0.29568083775229126,0.22919788619850084,0.15806008357376225
2,0–20%,0,Contradictory,full_action_language_distance,4,0.2888829388359435,0.25709987486024144,0.1612944127477854
3,0–20%,0,Contradictory,full_action_language_distance,4,0.7056035157299526,0.32983927770699906,0.8608620251390328
4,0–20%,0,Contradictory,full_action_language_distance,4,0.16491055704669189,0.1670783490804885,0.061130200589819945
5,0–20%,0,Contradictory,full_action_language_distance,4,0.19236898737767655,0.13373999380219917,0.16095840959751187
6,0–20%,0,Contradictory,full_action_language_distance,4,0.23971210389755526,0.1678608681028465,0.1812115580990971
7,0–20%,0,Contradictory,full_action_language_distance,5,0.5966429347033169,0.2958009364111796,0.8046698740224468
8,0–20%,0,Contradictory,full_action_language_distance,4,0.7750186329368082,0.43435743733153687,0.863400925578638
9,0–20%,0,Contradictory,full_action_language_distance,4,0.7468207264152434,0.4305598290347649,0.8931781334509324
0,0–20%,0,Unrelated,translation_language_distance,4,0.3596764962674436,0.34742701462055636,0.14347647719208168
1,0–20%,0,Unrelated,translation_language_distance,4,0.40868601828834256,0.37800377242715255,0.16195213666214062
2,0–20%,0,Unrelated,translation_language_distance,4,0.34559804852952725,0.3205734455502204,0.19104830352602215
3,0–20%,0,Unrelated,translation_language_distance,4,0.33532941760406226,0.29775536402621117,0.18168034843006092
4,0–20%,0,Unrelated,translation_language_distance,4,0.26172229757547577,0.2603921460363754,0.06672956285376999
5,0–20%,0,Unrelated,translation_language_distance,4,0.4145242376616467,0.49522605219592764,0.2104957547893288
6,0–20%,0,Unrelated,translation_language_distance,4,0.45401683684481875,0.3964351521027656,0.1579718152529815
7,0–20%,0,Unrelated,translation_language_distance,5,0.37577130671472736,0.3827974071960023,0.10181459271155739
8,0–20%,0,Unrelated,translation_language_distance,4,0.35308639679042786,0.29534039978339255,0.22418197318043373
9,0–20%,0,Unrelated,translation_language_distance,4,0.4169784350105881,0.4063937358632388,0.1715581931264187
0,0–20%,0,Unrelated,rotation_language_distance,4,0.05965272330041608,0.06268277259311457,0.021316255170860884
1,0–20%,0,Unrelated,rotation_language_distance,4,0.08742517778602486,0.09319557730422633,0.05136681485259392
2,0–20%,0,Unrelated,rotation_language_distance,4,0.09591199226636887,0.10138241760609754,0.06152603623901292
3,0–20%,0,Unrelated,rotation_language_distance,4,0.078420276128773,0.08588975527269202,0.04551789794669699
4,0–20%,0,Unrelated,rotation_language_distance,4,0.05719368322580286,0.05079537795341249,0.032674707962469775
5,0–20%,0,Unrelated,rotation_language_distance,4,0.0660829121827883,0.0710724310506923,0.027452555835147226
6,0–20%,0,Unrelated,rotation_language_distance,4,0.06730370405907568,0.06602679140594064,0.023996745643312355
7,0–20%,0,Unrelated,rotation_language_distance,5,0.06544836715049887,0.06978742642822222,0.015309573049100899
8,0–20%,0,Unrelated,rotation_language_distance,4,0.06258186535696787,0.05386094708016606,0.029538756856261113
9,0–20%,0,Unrelated,rotation_language_distance,4,0.07551118477570887,0.09151281150648871,0.03659264818187584
0,0–20%,0,Unrelated,gripper_language_difference,4,0.010587021708488548,0.009660333395004328,0.012030281688387528
1,0–20%,0,Unrelated,gripper_language_difference,4,0.010856181383132907,0.00814703106880188,0.010639640144684475
2,0–20%,0,Unrelated,gripper_language_difference,4,0.007540196180343739,0.0061345696449280895,0.005911084172826077
3,0–20%,0,Unrelated,gripper_language_difference,4,0.026390060782432584,0.0161992609500885,0.0251048769786847
4,0–20%,0,Unrelated,gripper_language_difference,4,0.012222960591316251,0.01077821850776678,0.009587297614024243
5,0–20%,0,Unrelated,gripper_language_difference,4,0.01566405594348902,0.01528367400169367,0.010084862503008118
6,0–20%,0,Unrelated,gripper_language_difference,4,0.012530565261840959,0.010882556438446267,0.008249989490915002
7,0–20%,0,Unrelated,gripper_language_difference,5,0.007475244998931751,0.0035603046417234108,0.007385321759643008
8,0–20%,0,Unrelated,gripper_language_difference,4,0.005031868815422086,0.0039221942424774725,0.0035002344727094415
9,0–20%,0,Unrelated,gripper_language_difference,4,0.012125939130783053,0.010501295328140259,0.005912360802940874
0,0–20%,0,Unrelated,full_action_language_distance,4,0.3656151974315611,0.35061437514283966,0.14260294171679525
1,0–20%,0,Unrelated,full_action_language_distance,4,0.42275975371917635,0.38178688843371855,0.154033135828101
2,0–20%,0,Unrelated,full_action_language_distance,4,0.36201802435336494,0.3421222735999499,0.192792849999894
3,0–20%,0,Unrelated,full_action_language_distance,4,0.3478125995601342,0.3108619268653108,0.18294188905976558
4,0–20%,0,Unrelated,full_action_language_distance,4,0.26989454014097747,0.27145695129143144,0.06618466033553298
5,0–20%,0,Unrelated,full_action_language_distance,4,0.4241655853397659,0.502766545326314,0.2013258430072629
6,0–20%,0,Unrelated,full_action_language_distance,4,0.460160774913328,0.3997636288521672,0.1560743558794431
7,0–20%,0,Unrelated,full_action_language_distance,5,0.38241584996098615,0.38525226325610845,0.09890443957387844
8,0–20%,0,Unrelated,full_action_language_distance,4,0.3592814808020831,0.2991334873616016,0.22475287435827698
9,0–20%,0,Unrelated,full_action_language_distance,4,0.4258771172828722,0.4115569303386216,0.16912842189596977
0,20–40%,1,Paraphrase,translation_language_distance,4,0.09413321817111797,0.07260901699772773,0.06549449567247298
1,20–40%,1,Paraphrase,translation_language_distance,4,0.12877135284630403,0.11935572727500726,0.07641342365040256
2,20–40%,1,Paraphrase,translation_language_distance,4,0.08661600061178762,0.07713482718366041,0.0458548825481492
3,20–40%,1,Paraphrase,translation_language_distance,4,0.09535881778453098,0.09020307189679472,0.022175174469336263
4,20–40%,1,Paraphrase,translation_language_distance,4,0.08228591784839542,0.08519493979412415,0.024139393490594456
5,20–40%,1,Paraphrase,translation_language_distance,4,0.11758596698631765,0.11474742743896355,0.019407660378792133
6,20–40%,1,Paraphrase,translation_language_distance,4,0.2820041125833697,0.20546338206710957,0.23521933555922409
7,20–40%,1,Paraphrase,translation_language_distance,3,0.10465329583126437,0.10876842118522558,0.008230963751276065
8,20–40%,1,Paraphrase,translation_language_distance,4,0.11046871862151282,0.10489828566870738,0.031187198402636583
9,20–40%,1,Paraphrase,translation_language_distance,4,0.13489693426157612,0.11766596769844986,0.09903094257278047
0,20–40%,1,Paraphrase,rotation_language_distance,4,0.0060057676429902665,0.005953957728428817,0.002777018435399487
1,20–40%,1,Paraphrase,rotation_language_distance,4,0.007258267454369954,0.004200761543291952,0.007062559723184507
2,20–40%,1,Paraphrase,rotation_language_distance,4,0.00565081773819228,0.005498644671630529,0.0004888202403018476
3,20–40%,1,Paraphrase,rotation_language_distance,4,0.007074556399997239,0.00609164018990154,0.005685181066916797
4,20–40%,1,Paraphrase,rotation_language_distance,4,0.005377297101726394,0.004437865655506207,0.0036799301788821024
5,20–40%,1,Paraphrase,rotation_language_distance,4,0.007638782105524029,0.0075526781951548525,0.005558849423968447
6,20–40%,1,Paraphrase,rotation_language_distance,4,0.014744323883541036,0.013597396004825523,0.005540494661596546
7,20–40%,1,Paraphrase,rotation_language_distance,3,0.003739620458461682,0.00443027619156055,0.002223068417701045
8,20–40%,1,Paraphrase,rotation_language_distance,4,0.008179278973920148,0.006096206499556275,0.005586563550242527
9,20–40%,1,Paraphrase,rotation_language_distance,4,0.009612700716136745,0.006344960891267836,0.00952853260856423
0,20–40%,1,Paraphrase,gripper_language_difference,4,0.0031351447105407715,0.0032271742820739746,0.0012764723227849458
1,20–40%,1,Paraphrase,gripper_language_difference,4,0.011646896600723183,0.0039326548576352205,0.01564183809805186
2,20–40%,1,Paraphrase,gripper_language_difference,4,0.004450589418411199,0.004391312599182073,0.0013662893655663852
3,20–40%,1,Paraphrase,gripper_language_difference,4,0.0040639042854309915,0.003958404064178578,0.0013548398578252666
4,20–40%,1,Paraphrase,gripper_language_difference,4,0.006707191467285073,0.00402507185935963,0.007920848870401143
5,20–40%,1,Paraphrase,gripper_language_difference,4,0.0059715360403060636,0.0047509074211120605,0.005861657581605027
6,20–40%,1,Paraphrase,gripper_language_difference,4,0.005935966968536377,0.006674468517303467,0.003092019861346567
7,20–40%,1,Paraphrase,gripper_language_difference,3,0.004893978436787923,0.005350708961486816,0.0008897832187067618
8,20–40%,1,Paraphrase,gripper_language_difference,4,0.0033737719058989923,0.0035141706466673694,0.0029008147858880793
9,20–40%,1,Paraphrase,gripper_language_difference,4,0.0039625465869903564,0.0037354528903960627,0.001325927147071535
0,20–40%,1,Paraphrase,full_action_language_distance,4,0.0944676742232008,0.07288101328686848,0.06539084849047139
1,20–40%,1,Paraphrase,full_action_language_distance,4,0.12974568974606862,0.1194800697081804,0.07777419087958147
2,20–40%,1,Paraphrase,full_action_language_distance,4,0.08697712223802109,0.0774825976446436,0.04571846039222859
3,20–40%,1,Paraphrase,full_action_language_distance,4,0.095794267312352,0.09038774558886853,0.02244247680368718
4,20–40%,1,Paraphrase,full_action_language_distance,4,0.08298524601914803,0.08568542156722643,0.02456466294159462
5,20–40%,1,Paraphrase,full_action_language_distance,4,0.11820097646275614,0.11566521014917434,0.019336903182614804
6,20–40%,1,Paraphrase,full_action_language_distance,4,0.2826853036319998,0.206390451789524,0.23493052740951026
7,20–40%,1,Paraphrase,full_action_language_distance,3,0.10485417023680664,0.10890716249523835,0.008201168164102764
8,20–40%,1,Paraphrase,full_action_language_distance,4,0.11088878089611502,0.10507468240776974,0.03150657770169845
9,20–40%,1,Paraphrase,full_action_language_distance,4,0.13534775107119834,0.11795755001084207,0.0994051232492361
0,20–40%,1,Contradictory,translation_language_distance,4,0.16565042117913908,0.13968841247955457,0.10821441128102638
1,20–40%,1,Contradictory,translation_language_distance,4,0.13019683055192996,0.12372426139891066,0.03578827915946909
2,20–40%,1,Contradictory,translation_language_distance,4,0.1273100379290055,0.11004009081558919,0.05611823344488331
3,20–40%,1,Contradictory,translation_language_distance,4,0.07788082448826308,0.07951371243080099,0.03472035039168018
4,20–40%,1,Contradictory,translation_language_distance,4,0.1380716061442517,0.10607727962952951,0.07844807539249837
5,20–40%,1,Contradictory,translation_language_distance,4,0.20260687137453334,0.19339964309422086,0.03984436992552374
6,20–40%,1,Contradictory,translation_language_distance,4,0.3445241673241813,0.22323027996682643,0.2882944993165628
7,20–40%,1,Contradictory,translation_language_distance,3,0.19901657062541808,0.11157453152873337,0.1792032403260381
8,20–40%,1,Contradictory,translation_language_distance,4,0.16609072563905886,0.177786606823931,0.10535212343553238
9,20–40%,1,Contradictory,translation_language_distance,4,0.17453866979152202,0.11141443882680034,0.13774221828534658
0,20–40%,1,Contradictory,rotation_language_distance,4,0.02033273865285761,0.0189306775173773,0.007160408481977546
1,20–40%,1,Contradictory,rotation_language_distance,4,0.018904022207058915,0.01639612036227233,0.010059644892194347
2,20–40%,1,Contradictory,rotation_language_distance,4,0.018526107059043954,0.01763718503588573,0.007050267536787417
3,20–40%,1,Contradictory,rotation_language_distance,4,0.018323773034698003,0.018545992758348437,0.006566063877081305
4,20–40%,1,Contradictory,rotation_language_distance,4,0.0164843656786559,0.01514985712913636,0.0041943618362030735
5,20–40%,1,Contradictory,rotation_language_distance,4,0.02119972410290234,0.020931622013392714,0.007471813026686579
6,20–40%,1,Contradictory,rotation_language_distance,4,0.016547859225278617,0.01764579755686304,0.010997569976119654
7,20–40%,1,Contradictory,rotation_language_distance,3,0.01676774554462402,0.010836640496574037,0.012799468812747223
8,20–40%,1,Contradictory,rotation_language_distance,4,0.022836456266068846,0.02093765428992154,0.008795153203231324
9,20–40%,1,Contradictory,rotation_language_distance,4,0.019444888797645384,0.015033997677322995,0.012614657109640208
0,20–40%,1,Contradictory,gripper_language_difference,4,0.5098195225000381,0.006654590368270874,1.0104432550718603
1,20–40%,1,Contradictory,gripper_language_difference,4,0.0019252300262450894,0.0018655061721800092,0.0009284839214736138
2,20–40%,1,Contradictory,gripper_language_difference,4,0.004841655492782482,0.0039015412330625776,0.00440912515902909
3,20–40%,1,Contradictory,gripper_language_difference,4,0.006495699286460849,0.004682481288909857,0.005571249107804826
4,20–40%,1,Contradictory,gripper_language_difference,4,0.006020396947860718,0.003950327634811401,0.0056517690395313114
5,20–40%,1,Contradictory,gripper_language_difference,4,0.00979921221733085,0.010154277086257935,0.007411604861288118
6,20–40%,1,Contradictory,gripper_language_difference,4,0.0063641816377639215,0.004462718963622936,0.005526862322031185
7,20–40%,1,Contradictory,gripper_language_difference,3,0.004742364088694291,0.004309177398681641,0.0048024480543698966
8,20–40%,1,Contradictory,gripper_language_difference,4,0.507625162601471,0.010523468255996649,0.9988269182047563
9,20–40%,1,Contradictory,gripper_language_difference,4,0.5057025551795962,0.010614514350891169,0.9968189125154796
0,20–40%,1,Contradictory,full_action_language_distance,4,0.5997006422149515,0.14106437108920866,0.967950734993713
1,20–40%,1,Contradictory,full_action_language_distance,4,0.13199040222580877,0.12666158086288629,0.03517502086244913
2,20–40%,1,Contradictory,full_action_language_distance,4,0.12917786611637275,0.11261554525232365,0.05539416359468755
3,20–40%,1,Contradictory,full_action_language_distance,4,0.08112608384245576,0.08164123500495844,0.03309938907574906
4,20–40%,1,Contradictory,full_action_language_distance,4,0.13940647392968042,0.1077000114149862,0.07823306814846175
5,20–40%,1,Contradictory,full_action_language_distance,4,0.2040882182991488,0.1949965269266788,0.040278143125701285
6,20–40%,1,Contradictory,full_action_language_distance,4,0.34563674399210037,0.2251533680142307,0.2875074163503458
7,20–40%,1,Contradictory,full_action_language_distance,3,0.19979743450798623,0.11218234207290206,0.17969149405452425
8,20–40%,1,Contradictory,full_action_language_distance,4,0.6089846431462037,0.17984399880905408,0.9462574497238074
9,20–40%,1,Contradictory,full_action_language_distance,4,0.5896500271627131,0.11251590038411242,0.9650386971174848
0,20–40%,1,Unrelated,translation_language_distance,4,0.7936138525441947,0.9413386523866399,0.4186077566822798
1,20–40%,1,Unrelated,translation_language_distance,4,0.5640490285757632,0.5796757657456016,0.39011420558087856
2,20–40%,1,Unrelated,translation_language_distance,4,0.795127722899006,0.6904598770803599,0.22401097492776625
3,20–40%,1,Unrelated,translation_language_distance,4,0.7506244868196528,0.7388736754404489,0.09214436821661189
4,20–40%,1,Unrelated,translation_language_distance,4,0.6553705388129888,0.5710160401874005,0.35126229163959516
5,20–40%,1,Unrelated,translation_language_distance,4,0.7994484919064815,0.7756819146061795,0.20503772278914378
6,20–40%,1,Unrelated,translation_language_distance,4,0.8284729333008595,0.8506541408196359,0.17306076158391528
7,20–40%,1,Unrelated,translation_language_distance,3,0.75276730830277,0.8030892532167255,0.0952341388774719
8,20–40%,1,Unrelated,translation_language_distance,4,0.4888112866468268,0.5350045922007753,0.2546125069166028
9,20–40%,1,Unrelated,translation_language_distance,4,0.5431925627730577,0.6340261302552472,0.25669090938094247
0,20–40%,1,Unrelated,rotation_language_distance,4,0.05592493897894338,0.04739869586054124,0.020118467528009165
1,20–40%,1,Unrelated,rotation_language_distance,4,0.057083539082538215,0.05353026227479006,0.016208999852912583
2,20–40%,1,Unrelated,rotation_language_distance,4,0.05148832581399086,0.051312328140497895,0.028215678893276995
3,20–40%,1,Unrelated,rotation_language_distance,4,0.06477958622974145,0.06949842027972435,0.03626533882929449
4,20–40%,1,Unrelated,rotation_language_distance,4,0.030850267742503445,0.03148512545874294,0.009495247696416327
5,20–40%,1,Unrelated,rotation_language_distance,4,0.056066373791138234,0.05253453690572372,0.017960952531633812
6,20–40%,1,Unrelated,rotation_language_distance,4,0.023533230183995384,0.021435564271912684,0.011427045162414629
7,20–40%,1,Unrelated,rotation_language_distance,3,0.04328161242251333,0.0443062844129241,0.004301018559643674
8,20–40%,1,Unrelated,rotation_language_distance,4,0.04040984213916646,0.03785555830994346,0.019556003016693597
9,20–40%,1,Unrelated,rotation_language_distance,4,0.040122419795400786,0.033630438654159954,0.02025341143163434
0,20–40%,1,Unrelated,gripper_language_difference,4,1.5122976899147034,2.0071815848350525,1.0006247357771327
1,20–40%,1,Unrelated,gripper_language_difference,4,0.5143158137798309,0.008036434650421032,1.0155721397815962
2,20–40%,1,Unrelated,gripper_language_difference,4,1.0028117448091507,1.0012139678001404,1.1515910642084048
3,20–40%,1,Unrelated,gripper_language_difference,4,0.0210113525390625,0.01851311326026922,0.015969940267088648
4,20–40%,1,Unrelated,gripper_language_difference,4,1.0020965933799744,0.9921033382415771,1.1513062016203999
5,20–40%,1,Unrelated,gripper_language_difference,4,0.4980193078517914,0.005549877882003784,0.9881017458028667
6,20–40%,1,Unrelated,gripper_language_difference,4,1.497527003288269,1.9889358878135681,0.9943908768763665
7,20–40%,1,Unrelated,gripper_language_difference,3,2.0115840236345925,2.013360917568207,0.004987729460559187
8,20–40%,1,Unrelated,gripper_language_difference,4,0.5246676206588745,0.016589313745498768,1.0242920251095298
9,20–40%,1,Unrelated,gripper_language_difference,4,0.5176833122968674,0.02397978305816645,0.9993568637231734
0,20–40%,1,Unrelated,full_action_language_distance,4,1.7341881712638845,2.23098501271566,1.029725877259955
1,20–40%,1,Unrelated,full_action_language_distance,4,1.0103973412038865,0.90006404277641,0.7770943772740245
2,20–40%,1,Unrelated,full_action_language_distance,4,1.5132030644303565,1.6211870410057498,0.7151515365613507
3,20–40%,1,Unrelated,full_action_language_distance,4,0.7544938657742145,0.7402932732303156,0.09208399962279723
4,20–40%,1,Unrelated,full_action_language_distance,4,1.4307931347048284,1.570579088239063,0.7951745013256092
5,20–40%,1,Unrelated,full_action_language_distance,4,1.1716782826741685,0.9532597544091235,0.612628930773302
6,20–40%,1,Unrelated,full_action_language_distance,4,1.7944572552318352,2.1639682391524167,0.794650333409161
7,20–40%,1,Unrelated,full_action_language_distance,3,2.149457626923011,2.170059354045186,0.03693353970502983
8,20–40%,1,Unrelated,full_action_language_distance,4,0.8534031255056471,0.5374441219481585,0.9116554435505932
9,20–40%,1,Unrelated,full_action_language_distance,4,0.9154099861440825,0.6821663503480226,0.837018089369309
0,40–60%,2,Paraphrase,translation_language_distance,4,0.08188370496012744,0.08762814303887148,0.01568070774323348
1,40–60%,2,Paraphrase,translation_language_distance,4,0.08974974374847913,0.08800641555691448,0.052806316321156975
2,40–60%,2,Paraphrase,translation_language_distance,4,0.17579114084078806,0.1332486241564123,0.12240769545900293
3,40–60%,2,Paraphrase,translation_language_distance,4,0.11784017442529388,0.10422700079777397,0.04728542428177639
4,40–60%,2,Paraphrase,translation_language_distance,4,0.1099296573560886,0.10509161447930959,0.044747348537415195
5,40–60%,2,Paraphrase,translation_language_distance,4,0.10683717056377541,0.11078881635201493,0.03858595050841803
6,40–60%,2,Paraphrase,translation_language_distance,5,0.11504807402239019,0.09719916552132753,0.06613633297660985
7,40–60%,2,Paraphrase,translation_language_distance,4,0.10658257359434714,0.08291566896730146,0.0843598389972099
8,40–60%,2,Paraphrase,translation_language_distance,4,0.11450645741481244,0.10350046863421486,0.0477633063800026
9,40–60%,2,Paraphrase,translation_language_distance,4,0.12872113299864577,0.12214248442900974,0.08604429416009449
0,40–60%,2,Paraphrase,rotation_language_distance,4,0.015749813371203628,0.0150094069390986,0.009222550314401527
1,40–60%,2,Paraphrase,rotation_language_distance,4,0.018121435950532592,0.015247906718748875,0.013588888653336248
2,40–60%,2,Paraphrase,rotation_language_distance,4,0.026544327527297358,0.025436917535906493,0.009668319912064157
3,40–60%,2,Paraphrase,rotation_language_distance,4,0.016872431973517052,0.015646196629548324,0.009242940997044154
4,40–60%,2,Paraphrase,rotation_language_distance,4,0.022359668470754136,0.020391633312647667,0.008689876219047979
5,40–60%,2,Paraphrase,rotation_language_distance,4,0.022391183767040676,0.02388085617314775,0.004664092636440736
6,40–60%,2,Paraphrase,rotation_language_distance,5,0.0096316851067632,0.007591662287059237,0.0052327122968054895
7,40–60%,2,Paraphrase,rotation_language_distance,4,0.01769079590389385,0.018226128711961068,0.006648802211704336
8,40–60%,2,Paraphrase,rotation_language_distance,4,0.023948065923826346,0.022080017836647425,0.013447957005245075
9,40–60%,2,Paraphrase,rotation_language_distance,4,0.02073813064778088,0.015079462006944572,0.017377898683701334
0,40–60%,2,Paraphrase,gripper_language_difference,4,0.006956547498703086,0.006967961788177546,0.004719559375639875
1,40–60%,2,Paraphrase,gripper_language_difference,4,0.006432592868804876,0.0066899955272674005,0.0019832856888805576
2,40–60%,2,Paraphrase,gripper_language_difference,4,0.00729784369468689,0.005689293146133423,0.0064086198046063225
3,40–60%,2,Paraphrase,gripper_language_difference,4,0.004884883761406028,0.005135536193847767,0.001777950545698565
4,40–60%,2,Paraphrase,gripper_language_difference,4,0.003589719533920288,0.002788364887237549,0.0033505851406871088
5,40–60%,2,Paraphrase,gripper_language_difference,4,0.00582358241081235,0.004866331815719549,0.004194716249532992
6,40–60%,2,Paraphrase,gripper_language_difference,5,0.005349195003509455,0.006098151206970104,0.003685435749361683
7,40–60%,2,Paraphrase,gripper_language_difference,4,0.004696771502494784,0.0028677284717558704,0.004231541996238555
8,40–60%,2,Paraphrase,gripper_language_difference,4,0.005647331476211548,0.004049241542816162,0.0034911820858310153
9,40–60%,2,Paraphrase,gripper_language_difference,4,0.026061415672302274,0.006861865520477295,0.043016137054743726
0,40–60%,2,Paraphrase,full_action_language_distance,4,0.0840343608316688,0.0890813433605773,0.01651376051206841
1,40–60%,2,Paraphrase,full_action_language_distance,4,0.09190445309120945,0.08972767408617084,0.054297654548772036
2,40–60%,2,Paraphrase,full_action_language_distance,4,0.17843202335922081,0.13594955819679946,0.12198929531445676
3,40–60%,2,Paraphrase,full_action_language_distance,4,0.11972561842182616,0.10731558750754762,0.04624575460302525
4,40–60%,2,Paraphrase,full_action_language_distance,4,0.11234647423630456,0.10730645451693438,0.045349595095801436
5,40–60%,2,Paraphrase,full_action_language_distance,4,0.1098535888610038,0.11260392507048636,0.03701923800576851
6,40–60%,2,Paraphrase,full_action_language_distance,5,0.11587232243782944,0.0979136909870249,0.06579352245563327
7,40–60%,2,Paraphrase,full_action_language_distance,4,0.10878909056376929,0.08609039601541879,0.08361677587801711
8,40–60%,2,Paraphrase,full_action_language_distance,4,0.11731638857642587,0.10485574435198933,0.04912260820451155
9,40–60%,2,Paraphrase,full_action_language_distance,4,0.1349730194364022,0.1230926566000434,0.0940048334200348
0,40–60%,2,Contradictory,translation_language_distance,4,0.09759239477263446,0.09762870509939643,0.023495051319813307
1,40–60%,2,Contradictory,translation_language_distance,4,0.09177627583968513,0.07876534852512168,0.04572168517145968
2,40–60%,2,Contradictory,translation_language_distance,4,0.22154573833417135,0.17140382010028313,0.1879900072089882
3,40–60%,2,Contradictory,translation_language_distance,4,0.19988005568420159,0.19634541320983512,0.056542184506790154
4,40–60%,2,Contradictory,translation_language_distance,4,0.19938387521325346,0.19527260901574314,0.11927801667224337
5,40–60%,2,Contradictory,translation_language_distance,4,0.26231821411203377,0.24612740973399283,0.18105953581605597
6,40–60%,2,Contradictory,translation_language_distance,5,0.14840813890265347,0.1165456487681072,0.0958577043375048
7,40–60%,2,Contradictory,translation_language_distance,4,0.16996563305529616,0.1356168537661439,0.10267241463803559
8,40–60%,2,Contradictory,translation_language_distance,4,0.1553338335370706,0.16552412098872912,0.06757504643186564
9,40–60%,2,Contradictory,translation_language_distance,4,0.2766369135144626,0.20247040373350936,0.2471323510306262
0,40–60%,2,Contradictory,rotation_language_distance,4,0.015229322029283442,0.01085449032400915,0.01030142827712457
1,40–60%,2,Contradictory,rotation_language_distance,4,0.022850132201829455,0.017002865861049425,0.016890803054320093
2,40–60%,2,Contradictory,rotation_language_distance,4,0.02598595809907431,0.02291709236697371,0.016669037152416966
3,40–60%,2,Contradictory,rotation_language_distance,4,0.035062198320739896,0.026129340291252204,0.01875907307943756
4,40–60%,2,Contradictory,rotation_language_distance,4,0.02602606611298404,0.028203128230283793,0.008665222580436525
5,40–60%,2,Contradictory,rotation_language_distance,4,0.027764896319452444,0.03253824238552972,0.011697540825080803
6,40–60%,2,Contradictory,rotation_language_distance,5,0.012449823439518372,0.013598050149486568,0.0040961131936650035
7,40–60%,2,Contradictory,rotation_language_distance,4,0.025266814668819727,0.023036041047142658,0.009069230604666691
8,40–60%,2,Contradictory,rotation_language_distance,4,0.02233468294918469,0.02070275105568449,0.007103042418082523
9,40–60%,2,Contradictory,rotation_language_distance,4,0.024465275053651973,0.024850937326599327,0.005638287006991518
0,40–60%,2,Contradictory,gripper_language_difference,4,0.0025024712085723877,0.0023987293243408203,0.00112803599306564
1,40–60%,2,Contradictory,gripper_language_difference,4,0.0034938901662825705,0.001492023468017467,0.0046769381385737795
2,40–60%,2,Contradictory,gripper_language_difference,4,0.004769295454025241,0.004355579614639282,0.0018020540936818795
3,40–60%,2,Contradictory,gripper_language_difference,4,0.009916424751281877,0.009572803974151778,0.007482191989812818
4,40–60%,2,Contradictory,gripper_language_difference,4,0.5072437226772308,0.007784247398376465,0.999388571472204
5,40–60%,2,Contradictory,gripper_language_difference,4,0.507337749004364,0.007536560297012274,1.0008539663434366
6,40–60%,2,Contradictory,gripper_language_difference,5,0.00376099348068244,0.0039032697677613415,0.002864395583245671
7,40–60%,2,Contradictory,gripper_language_difference,4,0.0016803890466689508,0.0019106566905974232,0.0010290978643242481
8,40–60%,2,Contradictory,gripper_language_difference,4,0.008354768157005116,0.006411075592040794,0.00719857586528703
9,40–60%,2,Contradictory,gripper_language_difference,4,0.4840945601463318,0.010282725095748957,0.953673027191874
0,40–60%,2,Contradictory,full_action_language_distance,4,0.0989887922578955,0.09821421781194033,0.024718309842586467
1,40–60%,2,Contradictory,full_action_language_distance,4,0.09709055248866409,0.08789893064097556,0.04209321939696113
2,40–60%,2,Contradictory,full_action_language_distance,4,0.22349434767653373,0.17401733906342023,0.1881375992365301
3,40–60%,2,Contradictory,full_action_language_distance,4,0.20399917645190402,0.20266385796042968,0.05618712052447824
4,40–60%,2,Contradictory,full_action_language_distance,4,0.6272320641124154,0.1963943183063233,0.941004643174354
5,40–60%,2,Contradictory,full_action_language_distance,4,0.6823279263830395,0.29281141411927586,0.9218625818075743
6,40–60%,2,Contradictory,full_action_language_distance,5,0.14915082036145466,0.11682840956417463,0.09564973577236491
7,40–60%,2,Contradictory,full_action_language_distance,4,0.17299244498602873,0.13764058073627197,0.1004779714752431
8,40–60%,2,Contradictory,full_action_language_distance,4,0.15741299088743924,0.16746441414379856,0.06752663730562293
9,40–60%,2,Contradictory,full_action_language_distance,4,0.68913331696642,0.3664665183801114,0.8675776009188627
0,40–60%,2,Unrelated,translation_language_distance,4,0.3117192091519992,0.15377200083242598,0.37848925824698654
1,40–60%,2,Unrelated,translation_language_distance,4,0.5735955098537555,0.6328315009504659,0.3974722503772678
2,40–60%,2,Unrelated,translation_language_distance,4,0.4499354757781274,0.381420144179397,0.3698087693949132
3,40–60%,2,Unrelated,translation_language_distance,4,0.5247993807434921,0.3728017155254252,0.44569285982498164
4,40–60%,2,Unrelated,translation_language_distance,4,0.543620497325806,0.5201015440048015,0.34034302762520946
5,40–60%,2,Unrelated,translation_language_distance,4,0.40077492193681385,0.4345816104443472,0.24540006565157899
6,40–60%,2,Unrelated,translation_language_distance,5,0.17256199461889882,0.11266411648094722,0.14982089462201834
7,40–60%,2,Unrelated,translation_language_distance,4,0.36111602443737073,0.19851131053356336,0.4023529695092263
8,40–60%,2,Unrelated,translation_language_distance,4,0.5871430891004205,0.6116272401103888,0.4081233340457633
9,40–60%,2,Unrelated,translation_language_distance,4,0.5229907905829347,0.5501898864103255,0.19770938233434365
0,40–60%,2,Unrelated,rotation_language_distance,4,0.01986335243549231,0.019979697315491107,0.008428829092417125
1,40–60%,2,Unrelated,rotation_language_distance,4,0.03663272705271161,0.02686868104542353,0.029301452581390528
2,40–60%,2,Unrelated,rotation_language_distance,4,0.023075566902794536,0.024071337490992467,0.007135522182403486
3,40–60%,2,Unrelated,rotation_language_distance,4,0.06055722178565197,0.04841498962532813,0.03372134129761729
4,40–60%,2,Unrelated,rotation_language_distance,4,0.03365149639367961,0.031049245106260767,0.018637679271980033
5,40–60%,2,Unrelated,rotation_language_distance,4,0.031469697313133094,0.032769967943572724,0.014694912306386755
6,40–60%,2,Unrelated,rotation_language_distance,5,0.021261088209253654,0.020981127614747044,0.007449869043771349
7,40–60%,2,Unrelated,rotation_language_distance,4,0.04754261882581859,0.044749402972082686,0.02204435819440146
8,40–60%,2,Unrelated,rotation_language_distance,4,0.03868950874955713,0.03207187031672848,0.022808245007116045
9,40–60%,2,Unrelated,rotation_language_distance,4,0.025655153427965018,0.030436860870506587,0.011573278300087902
0,40–60%,2,Unrelated,gripper_language_difference,4,0.007017672061920166,0.006969571113586537,0.005500812927795827
1,40–60%,2,Unrelated,gripper_language_difference,4,0.514676958322525,0.01705440878868092,0.9986533953746377
2,40–60%,2,Unrelated,gripper_language_difference,4,0.004388853907585144,0.005094647407531738,0.002291393841303509
3,40–60%,2,Unrelated,gripper_language_difference,4,0.017016977071762113,0.010579347610473744,0.016368835826188477
4,40–60%,2,Unrelated,gripper_language_difference,4,1.0080441534519196,1.0085058808326721,1.151556508778938
5,40–60%,2,Unrelated,gripper_language_difference,4,0.5109302848577499,0.011741340160369929,1.0062173003285075
6,40–60%,2,Unrelated,gripper_language_difference,5,0.010558569431304865,0.011775851249694824,0.0053844967437535075
7,40–60%,2,Unrelated,gripper_language_difference,4,0.5100939273834229,0.013194799423217773,1.0015766076634125
8,40–60%,2,Unrelated,gripper_language_difference,4,0.5181605219841003,0.015735387802123912,1.0098712475608163
9,40–60%,2,Unrelated,gripper_language_difference,4,0.4812600165605545,0.005884736776351929,0.9519732408646006
0,40–60%,2,Unrelated,full_action_language_distance,4,0.3130305684573599,0.15509332812980697,0.37796136679132103
1,40–60%,2,Unrelated,full_action_language_distance,4,0.9152759832082572,0.7101594117937793,0.9126003421604102
2,40–60%,2,Unrelated,full_action_language_distance,4,0.450920655009378,0.382022932971095,0.36927904198868294
3,40–60%,2,Unrelated,full_action_language_distance,4,0.5291175050834902,0.37703177619356837,0.4463798161060785
4,40–60%,2,Unrelated,full_action_language_distance,4,1.214744595403799,1.212894877448774,1.1068884923711781
5,40–60%,2,Unrelated,full_action_language_distance,4,0.8138318440620673,0.5593843646397252,0.8679640212130203
6,40–60%,2,Unrelated,full_action_language_distance,5,0.17498768437968143,0.11400748742655423,0.14893414911464659
7,40–60%,2,Unrelated,full_action_language_distance,4,0.684002680511329,0.20445908580974329,1.0322457114671642
8,40–60%,2,Unrelated,full_action_language_distance,4,0.9221337010989235,0.6626453964281609,0.9342285625893576
9,40–60%,2,Unrelated,full_action_language_distance,4,0.880059828628691,0.6348187527299531,0.7662814534906411
0,60–80%,3,Paraphrase,translation_language_distance,4,0.20804149900174151,0.19208721059578399,0.08932176485624177
1,60–80%,3,Paraphrase,translation_language_distance,4,0.25156817276865606,0.24849279833283963,0.1662638279205631
2,60–80%,3,Paraphrase,translation_language_distance,4,0.16926374064611954,0.15583365480406405,0.09366969280101464
3,60–80%,3,Paraphrase,translation_language_distance,4,0.15030210948536973,0.13392112493943376,0.07993059260254406
4,60–80%,3,Paraphrase,translation_language_distance,4,0.18917538210785517,0.16145017486505858,0.12806919418470075
5,60–80%,3,Paraphrase,translation_language_distance,4,0.13538829382600254,0.11959768577399928,0.07601311158683108
6,60–80%,3,Paraphrase,translation_language_distance,3,0.21984283988855804,0.22861750851441193,0.106050858287695
7,60–80%,3,Paraphrase,translation_language_distance,4,0.17226350583223612,0.1243698757795121,0.12258697940197871
8,60–80%,3,Paraphrase,translation_language_distance,4,0.18416401687689266,0.14133377005412276,0.1244827660387081
9,60–80%,3,Paraphrase,translation_language_distance,4,0.15694568885409033,0.1099522552858376,0.10233587009941594
0,60–80%,3,Paraphrase,rotation_language_distance,4,0.017929733710764284,0.015391372889389543,0.007897614398188818
1,60–80%,3,Paraphrase,rotation_language_distance,4,0.01689715604151948,0.02012337837664485,0.008056131030788541
2,60–80%,3,Paraphrase,rotation_language_distance,4,0.012855346099543492,0.014662200163514574,0.0038481991194678354
3,60–80%,3,Paraphrase,rotation_language_distance,4,0.013683317747830511,0.01490014557163986,0.003098707104515065
4,60–80%,3,Paraphrase,rotation_language_distance,4,0.015061418297876182,0.013434571091709237,0.003530184585518628
5,60–80%,3,Paraphrase,rotation_language_distance,4,0.020552926850362543,0.01888275846693664,0.011735896869048615
6,60–80%,3,Paraphrase,rotation_language_distance,3,0.016861633239309438,0.018279701080570983,0.005949039734750377
7,60–80%,3,Paraphrase,rotation_language_distance,4,0.02452222481997692,0.02636317187675739,0.009914011532532019
8,60–80%,3,Paraphrase,rotation_language_distance,4,0.015626987478374443,0.016132935041854733,0.002616536819623925
9,60–80%,3,Paraphrase,rotation_language_distance,4,0.015350969216956186,0.015047137773034677,0.002934605605473119
0,60–80%,3,Paraphrase,gripper_language_difference,4,0.005343958735465948,0.0064113736152647816,0.0031317008130588675
1,60–80%,3,Paraphrase,gripper_language_difference,4,0.5083542168140411,0.007837831974029541,1.0054449657744475
2,60–80%,3,Paraphrase,gripper_language_difference,4,0.007734000682830783,0.007386237382888794,0.003519201441677368
3,60–80%,3,Paraphrase,gripper_language_difference,4,0.002976492047309931,0.0033786296844481867,0.0020983022965954524
4,60–80%,3,Paraphrase,gripper_language_difference,4,0.4988931119441986,0.0030837059020996094,0.9934223694183543
5,60–80%,3,Paraphrase,gripper_language_difference,4,0.004487052559852545,0.004030644893646185,0.0032991175321222077
6,60–80%,3,Paraphrase,gripper_language_difference,3,0.681730588277181,0.0038626790046691895,1.1757422907426307
7,60–80%,3,Paraphrase,gripper_language_difference,4,0.006853446364402799,0.006168991327285767,0.003607299400627052
8,60–80%,3,Paraphrase,gripper_language_difference,4,0.002938687801360973,0.0036419034004210316,0.00180404812529577
9,60–80%,3,Paraphrase,gripper_language_difference,4,0.005640879273414612,0.005272477865219116,0.004002773370226002
0,60–80%,3,Paraphrase,full_action_language_distance,4,0.20895301987590392,0.19290098265626948,0.08950122675275497
1,60–80%,3,Paraphrase,full_action_language_distance,4,0.6656433837196859,0.24969854912105968,0.9365796357581477
2,60–80%,3,Paraphrase,full_action_language_distance,4,0.17022257211586697,0.15672766341309663,0.09309828572135533
3,60–80%,3,Paraphrase,full_action_language_distance,4,0.15114841117548888,0.13463382508375182,0.07952486381339464
4,60–80%,3,Paraphrase,full_action_language_distance,4,0.6073219230597314,0.16279096906474688,0.9441364513003548
5,60–80%,3,Paraphrase,full_action_language_distance,4,0.13849819647880685,0.12068716475106542,0.07335532299447528
6,60–80%,3,Paraphrase,full_action_language_distance,3,0.8014900447108918,0.22970354850802985,1.0955046088811413
7,60–80%,3,Paraphrase,full_action_language_distance,4,0.17507258218875396,0.12596690459630017,0.12125326914612326
8,60–80%,3,Paraphrase,full_action_language_distance,4,0.18504359348059413,0.1422055091696945,0.12413775772141253
9,60–80%,3,Paraphrase,full_action_language_distance,4,0.15808968497931603,0.11098845016843055,0.10184969866223417
0,60–80%,3,Contradictory,translation_language_distance,4,0.4224724056639353,0.4714000603445375,0.1863026668442608
1,60–80%,3,Contradictory,translation_language_distance,4,0.2844057835812242,0.24742358068330983,0.12893092656483773
2,60–80%,3,Contradictory,translation_language_distance,4,0.17310472209940514,0.09909887312353803,0.17547350742528098
3,60–80%,3,Contradictory,translation_language_distance,4,0.13565484919727758,0.09166238113690017,0.12484589001138344
4,60–80%,3,Contradictory,translation_language_distance,4,0.2157827499770078,0.16989335724839924,0.1760373477619255
5,60–80%,3,Contradictory,translation_language_distance,4,0.22670247936337512,0.1858432611636854,0.16404929631049783
6,60–80%,3,Contradictory,translation_language_distance,3,0.11950758583348019,0.0906658107549405,0.07374308262278305
7,60–80%,3,Contradictory,translation_language_distance,4,0.29720953302312814,0.21221847822069467,0.19487927871566152
8,60–80%,3,Contradictory,translation_language_distance,4,0.24476422497171543,0.21302361281541743,0.19344797355087628
9,60–80%,3,Contradictory,translation_language_distance,4,0.1815284868400683,0.16428327669248,0.13749411033472392
0,60–80%,3,Contradictory,rotation_language_distance,4,0.011206961033841391,0.011229406695186041,0.008198287046193109
1,60–80%,3,Contradictory,rotation_language_distance,4,0.01852276497278027,0.019185545614011465,0.007998067233039809
2,60–80%,3,Contradictory,rotation_language_distance,4,0.018957082813603247,0.01123079728111314,0.016655286289881978
3,60–80%,3,Contradictory,rotation_language_distance,4,0.010623242406282278,0.007601615397315593,0.007946124878895854
4,60–80%,3,Contradictory,rotation_language_distance,4,0.017414627709194646,0.008294443552624448,0.020011970743115778
5,60–80%,3,Contradictory,rotation_language_distance,4,0.02531981865009255,0.0129796863015081,0.028677612338900545
6,60–80%,3,Contradictory,rotation_language_distance,3,0.00979912284096422,0.007691279178618583,0.006181949956881846
7,60–80%,3,Contradictory,rotation_language_distance,4,0.023543216651953195,0.020034027796875496,0.017405165290284814
8,60–80%,3,Contradictory,rotation_language_distance,4,0.015677208626455802,0.015095172143284187,0.006604949411655391
9,60–80%,3,Contradictory,rotation_language_distance,4,0.027472519942057644,0.02966990227871747,0.013592020544507012
0,60–80%,3,Contradictory,gripper_language_difference,4,0.00854352116584775,0.007475495338439886,0.004507721460069176
1,60–80%,3,Contradictory,gripper_language_difference,4,0.49512030184268946,0.007361173629760742,0.980319702376094
2,60–80%,3,Contradictory,gripper_language_difference,4,0.0038235038518906195,0.0038893520832060657,0.0012837903308730552
3,60–80%,3,Contradictory,gripper_language_difference,4,0.003539979457855169,0.002440810203552246,0.0037164696898606873
4,60–80%,3,Contradictory,gripper_language_difference,4,0.007367193698883084,0.005961775779724177,0.005757029922428925
5,60–80%,3,Contradictory,gripper_language_difference,4,0.003749564290046664,0.003578245639800859,0.0030980762917360094
6,60–80%,3,Contradictory,gripper_language_difference,3,0.0023005008697509024,0.002435445785522239,0.0014228021638651716
7,60–80%,3,Contradictory,gripper_language_difference,4,0.4971123039722443,0.006239652633667103,0.9854482496389296
8,60–80%,3,Contradictory,gripper_language_difference,4,0.002720698714256231,0.0025324821472168524,0.0010735730084088973
9,60–80%,3,Contradictory,gripper_language_difference,4,0.0054945498704909446,0.005251049995422308,0.0014519617502651648
0,60–80%,3,Contradictory,full_action_language_distance,4,0.42291731795622656,0.4715860343863003,0.18590185511756022
1,60–80%,3,Contradictory,full_action_language_distance,4,0.7313003133703386,0.3821961650452608,0.8365477562349057
2,60–80%,3,Contradictory,full_action_language_distance,4,0.17429537691070654,0.09974107506305646,0.1761168378720238
3,60–80%,3,Contradictory,full_action_language_distance,4,0.13665976567579632,0.09341256601584116,0.12436139950519515
4,60–80%,3,Contradictory,full_action_language_distance,4,0.2188731110411756,0.17491016385908298,0.17351802550838696
5,60–80%,3,Contradictory,full_action_language_distance,4,0.23286706293741272,0.1863130904666965,0.1576080749067034
6,60–80%,3,Contradictory,full_action_language_distance,3,0.11993646059721251,0.0909951058878054,0.07400147641617315
7,60–80%,3,Contradictory,full_action_language_distance,4,0.744863971031799,0.4056019816672711,0.8471347325468683
8,60–80%,3,Contradictory,full_action_language_distance,4,0.24560375269765589,0.21422984279758456,0.1930170004555763
9,60–80%,3,Contradictory,full_action_language_distance,4,0.18546874711726996,0.16690816194921243,0.1349443144488319
0,60–80%,3,Unrelated,translation_language_distance,4,0.5557982718668968,0.5871316097564073,0.24686052842553302
1,60–80%,3,Unrelated,translation_language_distance,4,0.37265594629407256,0.37693054621722694,0.19906056713214224
2,60–80%,3,Unrelated,translation_language_distance,4,0.47819009914363914,0.4669642675086404,0.25834067901087543
3,60–80%,3,Unrelated,translation_language_distance,4,0.22212681837117912,0.19245755901784817,0.18297368621974966
4,60–80%,3,Unrelated,translation_language_distance,4,0.4495162168777484,0.5236951060491855,0.2452137289333294
5,60–80%,3,Unrelated,translation_language_distance,4,0.44906707342365204,0.4575360567298598,0.25365848573939515
6,60–80%,3,Unrelated,translation_language_distance,3,0.2785780813583818,0.31029461329168145,0.11417316037485015
7,60–80%,3,Unrelated,translation_language_distance,4,0.3833161302534507,0.3304619664295943,0.2450201739324089
8,60–80%,3,Unrelated,translation_language_distance,4,0.48018953932052744,0.5310949570509667,0.2597407140513353
9,60–80%,3,Unrelated,translation_language_distance,4,0.5197920086247442,0.6178719885271438,0.3121404614808919
0,60–80%,3,Unrelated,rotation_language_distance,4,0.043845708924051964,0.03814211079899245,0.04029641955611018
1,60–80%,3,Unrelated,rotation_language_distance,4,0.028742070953864746,0.02501650380470327,0.018556509992643844
2,60–80%,3,Unrelated,rotation_language_distance,4,0.03169813843051638,0.02827455119685759,0.02012312505767042
3,60–80%,3,Unrelated,rotation_language_distance,4,0.01877490257013467,0.016977650431836563,0.004494184692424921
4,60–80%,3,Unrelated,rotation_language_distance,4,0.03653728419237984,0.036147527968197625,0.02932135620396304
5,60–80%,3,Unrelated,rotation_language_distance,4,0.021961113932758965,0.01847876570450064,0.012915917375133574
6,60–80%,3,Unrelated,rotation_language_distance,3,0.015745188338003226,0.01298765517407126,0.008037335938890814
7,60–80%,3,Unrelated,rotation_language_distance,4,0.06085452103105571,0.037939664111292126,0.06871310527616496
8,60–80%,3,Unrelated,rotation_language_distance,4,0.046736979853838186,0.019086845542970268,0.06400064354217812
9,60–80%,3,Unrelated,rotation_language_distance,4,0.020901280257839498,0.021849975992058318,0.010771717576354554
0,60–80%,3,Unrelated,gripper_language_difference,4,0.5095013976097107,0.01964282989501953,0.9874550914460548
1,60–80%,3,Unrelated,gripper_language_difference,4,0.5033249706029892,0.007845044136047363,0.9959711030401436
2,60–80%,3,Unrelated,gripper_language_difference,4,1.0108612477779388,1.01250422000885,1.1517038248247646
3,60–80%,3,Unrelated,gripper_language_difference,4,0.010619282722473117,0.007088601589202936,0.008413124237597895
4,60–80%,3,Unrelated,gripper_language_difference,4,0.5066783130168915,0.009452849626541082,0.998671640177067
5,60–80%,3,Unrelated,gripper_language_difference,4,0.010646089911460793,0.01196423172950739,0.00602762345798721
6,60–80%,3,Unrelated,gripper_language_difference,3,0.6791569789250692,0.010479867458343506,1.166254827104507
7,60–80%,3,Unrelated,gripper_language_difference,4,0.005436107516288841,0.0033344924449921765,0.006524267133269697
8,60–80%,3,Unrelated,gripper_language_difference,4,0.5096505284309387,0.013308197259902843,0.9984528878954598
9,60–80%,3,Unrelated,gripper_language_difference,4,0.009943813085556003,0.010231465101242065,0.0061003717305374685
0,60–80%,3,Unrelated,full_action_language_distance,4,0.9147087259108009,0.6515629421400366,0.8262020703354223
1,60–80%,3,Unrelated,full_action_language_distance,4,0.7620596575740068,0.4116110273009923,0.8841158174036876
2,60–80%,3,Unrelated,full_action_language_distance,4,1.2802913450318432,1.3954602904163065,0.9363332647635658
3,60–80%,3,Unrelated,full_action_language_distance,4,0.2240992460049274,0.19433419842714003,0.18170627824424568
4,60–80%,3,Unrelated,full_action_language_distance,4,0.8562228651375303,0.6320748264489278,0.8332714965566311
5,60–80%,3,Unrelated,full_action_language_distance,4,0.4498513261109846,0.4580532340065108,0.2537715140315253
6,60–80%,3,Unrelated,full_action_language_distance,3,0.8588823060574079,0.374363814458182,1.037012053046356
7,60–80%,3,Unrelated,full_action_language_distance,4,0.38939609070916475,0.331837513337648,0.2520157961898125
8,60–80%,3,Unrelated,full_action_language_distance,4,0.835639980436589,0.5401084674187633,0.8911176060632787
9,60–80%,3,Unrelated,full_action_language_distance,4,0.5209749322560685,0.6187088962287814,0.3108982239088389
0,80–100%,4,Paraphrase,translation_language_distance,4,0.15738296420758166,0.14709898210647482,0.11076752077796038
1,80–100%,4,Paraphrase,translation_language_distance,4,0.14154890988650012,0.14587200124965724,0.08763028891934062
2,80–100%,4,Paraphrase,translation_language_distance,4,0.11552387035051367,0.11203314215367992,0.05984764953661206
3,80–100%,4,Paraphrase,translation_language_distance,4,0.14901155336665434,0.1292617034236709,0.10178232137804105
4,80–100%,4,Paraphrase,translation_language_distance,4,0.11716449969407436,0.11259978005153358,0.08382164493099795
5,80–100%,4,Paraphrase,translation_language_distance,4,0.15610635019174013,0.1362276358539044,0.10398898890446957
6,80–100%,4,Paraphrase,translation_language_distance,4,0.1175765984854223,0.10219865490470981,0.06422747985072685
7,80–100%,4,Paraphrase,translation_language_distance,4,0.09605779345347833,0.06594787380176623,0.08777034038817365
8,80–100%,4,Paraphrase,translation_language_distance,4,0.2001087086008701,0.1949226018250556,0.11360262542359013
9,80–100%,4,Paraphrase,translation_language_distance,4,0.11657548678743093,0.09928057510826055,0.06077740888104428
0,80–100%,4,Paraphrase,rotation_language_distance,4,0.015904447966098533,0.014885075539866552,0.004157140961111121
1,80–100%,4,Paraphrase,rotation_language_distance,4,0.018776306535645822,0.017787680472936433,0.010304429573259596
2,80–100%,4,Paraphrase,rotation_language_distance,4,0.01636794309340089,0.013483862446248471,0.010126509667659605
3,80–100%,4,Paraphrase,rotation_language_distance,4,0.011276019313617401,0.011050131875095693,0.003699202991462425
4,80–100%,4,Paraphrase,rotation_language_distance,4,0.010049756241183101,0.009970092645064701,0.0034222573635702544
5,80–100%,4,Paraphrase,rotation_language_distance,4,0.018697505342475572,0.017035261540575077,0.0057237570324945725
6,80–100%,4,Paraphrase,rotation_language_distance,4,0.013130976087648048,0.011040451116595535,0.005916563761397323
7,80–100%,4,Paraphrase,rotation_language_distance,4,0.010447759857659649,0.010790874330081938,0.0037491844036384976
8,80–100%,4,Paraphrase,rotation_language_distance,4,0.01768202748392299,0.01851243445938622,0.00462243020695308
9,80–100%,4,Paraphrase,rotation_language_distance,4,0.016318649359921243,0.012972550609240404,0.0074049200687004
0,80–100%,4,Paraphrase,gripper_language_difference,4,0.5218547582626343,0.008034795522689708,1.0295040011470746
1,80–100%,4,Paraphrase,gripper_language_difference,4,0.006386667490005438,0.005691528320312389,0.0015145819152225623
2,80–100%,4,Paraphrase,gripper_language_difference,4,0.5019526034593582,0.00422215461730957,0.9980634929324238
3,80–100%,4,Paraphrase,gripper_language_difference,4,0.005546748638153048,0.0041773319244383655,0.0032664499159491198
4,80–100%,4,Paraphrase,gripper_language_difference,4,0.004693329334259033,0.004345178604126032,0.0016803173208320664
5,80–100%,4,Paraphrase,gripper_language_difference,4,0.5081567019224167,0.003440946340560691,1.010983392007772
6,80–100%,4,Paraphrase,gripper_language_difference,4,0.0029572546482085904,0.002856135368347168,0.0022864824749521005
7,80–100%,4,Paraphrase,gripper_language_difference,4,0.0038627684116363803,0.004048258066177479,0.0022630060195576586
8,80–100%,4,Paraphrase,gripper_language_difference,4,0.004715427756309509,0.005543500185012817,0.0032279343415540303
9,80–100%,4,Paraphrase,gripper_language_difference,4,0.005952551960945129,0.004773050546646118,0.005100942910093552
0,80–100%,4,Paraphrase,full_action_language_distance,4,0.6092124613589429,0.14805587067235154,0.9868055025706461
1,80–100%,4,Paraphrase,full_action_language_distance,4,0.14361738633524515,0.1489044448053355,0.08674972824940622
2,80–100%,4,Paraphrase,full_action_language_distance,4,0.5702940177848776,0.11295813151820894,0.9593025876739575
3,80–100%,4,Paraphrase,full_action_language_distance,4,0.14988149400135622,0.1298118039284411,0.1012316938636435
4,80–100%,4,Paraphrase,full_action_language_distance,4,0.11811761937580578,0.11360290694101359,0.08310014460738842
5,80–100%,4,Paraphrase,full_action_language_distance,4,0.629787412300367,0.2179945488795642,0.9388008350269716
6,80–100%,4,Paraphrase,full_action_language_distance,4,0.11869530964950065,0.10390830440660226,0.0636752179873244
7,80–100%,4,Paraphrase,full_action_language_distance,4,0.09716172227363931,0.06746906848307221,0.08720002865183954
8,80–100%,4,Paraphrase,full_action_language_distance,4,0.20131249755523367,0.19611625846629677,0.11286966013384478
9,80–100%,4,Paraphrase,full_action_language_distance,4,0.11828762066477783,0.10177398274258741,0.060339854452802655
0,80–100%,4,Contradictory,translation_language_distance,4,0.19710773752863273,0.16173656768692887,0.1545621244065166
1,80–100%,4,Contradictory,translation_language_distance,4,0.19073399251123763,0.21782550787972943,0.09905018271760044
2,80–100%,4,Contradictory,translation_language_distance,4,0.29220887791288336,0.12763371606429882,0.3463920426081792
3,80–100%,4,Contradictory,translation_language_distance,4,0.1342882358812469,0.1339132617065467,0.08803809420486378
4,80–100%,4,Contradictory,translation_language_distance,4,0.1837601339963351,0.1202011758846558,0.1810564599751157
5,80–100%,4,Contradictory,translation_language_distance,4,0.3757834928946967,0.2642030685711418,0.3335864724285348
6,80–100%,4,Contradictory,translation_language_distance,4,0.10443804999172904,0.09971999485427546,0.03926689986308357
7,80–100%,4,Contradictory,translation_language_distance,4,0.12506945470451303,0.10750380076819327,0.06376657198227716
8,80–100%,4,Contradictory,translation_language_distance,4,0.19690630506172818,0.1829900983065915,0.11221034519432853
9,80–100%,4,Contradictory,translation_language_distance,4,0.1479272895102402,0.10014363635536652,0.10518038725130031
0,80–100%,4,Contradictory,rotation_language_distance,4,0.015205227655047797,0.014391376647530364,0.008350630436368835
1,80–100%,4,Contradictory,rotation_language_distance,4,0.029663563647959145,0.030034079688856283,0.010790974094103102
2,80–100%,4,Contradictory,rotation_language_distance,4,0.013986257489203013,0.011798971415151783,0.009342064925134725
3,80–100%,4,Contradictory,rotation_language_distance,4,0.01524593387899753,0.013154532928040742,0.011326666823905334
4,80–100%,4,Contradictory,rotation_language_distance,4,0.014397900542206191,0.014218059402961315,0.0037991710100543623
5,80–100%,4,Contradictory,rotation_language_distance,4,0.025933503056774786,0.026033235713168873,0.009367706687069014
6,80–100%,4,Contradictory,rotation_language_distance,4,0.011652904536203084,0.012743998228077424,0.0031577368118580144
7,80–100%,4,Contradictory,rotation_language_distance,4,0.018522968506358217,0.01890125811944189,0.008744699900375496
8,80–100%,4,Contradictory,rotation_language_distance,4,0.014826429765171316,0.012599284851905536,0.008856167166811243
9,80–100%,4,Contradictory,rotation_language_distance,4,0.03131753145689414,0.02142766509701698,0.025264030899617224
0,80–100%,4,Contradictory,gripper_language_difference,4,0.017455190420150757,0.005734801292419378,0.024907908517942612
1,80–100%,4,Contradictory,gripper_language_difference,4,0.5006552189588547,0.0010249614715576727,0.9997059992153294
2,80–100%,4,Contradictory,gripper_language_difference,4,0.5111519396305084,0.01013410091400141,1.007324347467542
3,80–100%,4,Contradictory,gripper_language_difference,4,0.5042342841625214,0.002149045467376598,1.005176013388857
4,80–100%,4,Contradictory,gripper_language_difference,4,0.0032081753015518466,0.0014529228210448664,0.004441751680826407
5,80–100%,4,Contradictory,gripper_language_difference,4,0.5038003325462342,0.015340626239776556,0.9845178630585317
6,80–100%,4,Contradictory,gripper_language_difference,4,0.0037292987108231146,0.0042839050292970415,0.002966861057139546
7,80–100%,4,Contradictory,gripper_language_difference,4,0.00353945791721344,0.0030705928802490234,0.002581390761297435
8,80–100%,4,Contradictory,gripper_language_difference,4,0.004469171166419983,0.0029203295707702637,0.004944340701424296
9,80–100%,4,Contradictory,gripper_language_difference,4,0.5003965497016907,0.003512889146804865,0.9959875340351564
0,80–100%,4,Contradictory,full_action_language_distance,4,0.19978977520590988,0.16577588329299248,0.15451463345945718
1,80–100%,4,Contradictory,full_action_language_distance,4,0.6348678817056933,0.23170407109498656,0.9251035296807921
2,80–100%,4,Contradictory,full_action_language_distance,4,0.635288668778371,0.12954224332360376,1.0291414241717398
3,80–100%,4,Contradictory,full_action_language_distance,4,0.5962175895620673,0.16408892532379418,0.9527055725642897
4,80–100%,4,Contradictory,full_action_language_distance,4,0.18497896046142398,0.12141826681271077,0.1802955587530635
5,80–100%,4,Contradictory,full_action_language_distance,4,0.7032588656086752,0.26733754771767915,0.97407039891194
6,80–100%,4,Contradictory,full_action_language_distance,4,0.10532243489207938,0.10034214615207704,0.038896205313716355
7,80–100%,4,Contradictory,full_action_language_distance,4,0.1269519379299456,0.11073815572298432,0.0631736640622397
8,80–100%,4,Contradictory,full_action_language_distance,4,0.19811005838927698,0.1850789766465257,0.11126439428330116
9,80–100%,4,Contradictory,full_action_language_distance,4,0.5778361788237533,0.10152430456473634,0.9606488036453394
0,80–100%,4,Unrelated,translation_language_distance,4,0.4511957350276412,0.48193258408394996,0.26985638179046495
1,80–100%,4,Unrelated,translation_language_distance,4,0.3930076722872005,0.3574147397724806,0.27971306916103106
2,80–100%,4,Unrelated,translation_language_distance,4,0.3349156396170652,0.2470190494717982,0.2739206927220873
3,80–100%,4,Unrelated,translation_language_distance,4,0.3407359702089433,0.2836792559349999,0.3178079118102351
4,80–100%,4,Unrelated,translation_language_distance,4,0.364051913532072,0.36338245418222037,0.35453101138720783
5,80–100%,4,Unrelated,translation_language_distance,4,0.5972715420238506,0.5661518672166309,0.557287792101966
6,80–100%,4,Unrelated,translation_language_distance,4,0.3900765942960091,0.34488529068716434,0.31455499547731547
7,80–100%,4,Unrelated,translation_language_distance,4,0.296872745837382,0.16174909750949212,0.37163768359667027
8,80–100%,4,Unrelated,translation_language_distance,4,0.4788946215021799,0.49697228675865174,0.24885878752871188
9,80–100%,4,Unrelated,translation_language_distance,4,0.31384221879562096,0.20712478120680936,0.3035470698533085
0,80–100%,4,Unrelated,rotation_language_distance,4,0.02879173632759982,0.03348290612945073,0.01454850297991072
1,80–100%,4,Unrelated,rotation_language_distance,4,0.02576853542650625,0.02206700183790393,0.019116721355492403
2,80–100%,4,Unrelated,rotation_language_distance,4,0.02061310793341002,0.021500859481842098,0.005831705178683609
3,80–100%,4,Unrelated,rotation_language_distance,4,0.018187249612388937,0.013858483282435838,0.00943425518537731
4,80–100%,4,Unrelated,rotation_language_distance,4,0.01094064384936735,0.011828480455787044,0.005340539156631407
5,80–100%,4,Unrelated,rotation_language_distance,4,0.03809661395326098,0.03664695888770642,0.028608423125461625
6,80–100%,4,Unrelated,rotation_language_distance,4,0.03555575459439611,0.03561609667393195,0.020209930262069336
7,80–100%,4,Unrelated,rotation_language_distance,4,0.030497386119457574,0.03448161675535888,0.01463642734668626
8,80–100%,4,Unrelated,rotation_language_distance,4,0.0338933088167658,0.03290135700651346,0.014703951733112189
9,80–100%,4,Unrelated,rotation_language_distance,4,0.02397681357139753,0.02494311681235261,0.01584096259411155
0,80–100%,4,Unrelated,gripper_language_difference,4,0.5185056030750275,0.02993354201316828,0.9902843741063068
1,80–100%,4,Unrelated,gripper_language_difference,4,1.0063841938972473,1.007354736328125,1.1481337085648975
2,80–100%,4,Unrelated,gripper_language_difference,4,0.513135090470314,0.012929737567901611,1.001558319610466
3,80–100%,4,Unrelated,gripper_language_difference,4,1.4918582439422607,1.9725658297538757,0.9882031738495698
4,80–100%,4,Unrelated,gripper_language_difference,4,1.005668193101883,1.0041516423225403,1.1555577421703753
5,80–100%,4,Unrelated,gripper_language_difference,4,1.0004588812589645,0.9977044165134432,1.144979202429859
6,80–100%,4,Unrelated,gripper_language_difference,4,0.509978324174881,0.013247609138488825,1.0020315800680066
7,80–100%,4,Unrelated,gripper_language_difference,4,0.5051291137933731,0.00931826233863825,0.9973073959504305
8,80–100%,4,Unrelated,gripper_language_difference,4,0.5172849744558334,0.017657965421676636,1.001098603827557
9,80–100%,4,Unrelated,gripper_language_difference,4,1.0082334280014038,1.0082122385501862,1.153022195288934
0,80–100%,4,Unrelated,full_action_language_distance,4,0.8091850084767014,0.48379771909306474,0.9009233695588752
1,80–100%,4,Unrelated,full_action_language_distance,4,1.1584844059688206,1.1963192976255417,1.0791687985829967
2,80–100%,4,Unrelated,full_action_language_distance,4,0.6887806576098872,0.2482894217482816,0.9730511664203042
3,80–100%,4,Unrelated,full_action_language_distance,4,1.5456245189086375,2.010848938414216,1.007534902025372
4,80–100%,4,Unrelated,full_action_language_distance,4,1.088161250515377,1.1018748291235732,1.186424849194998
5,80–100%,4,Unrelated,full_action_language_distance,4,1.1942083098447602,1.194536137875433,1.2381401412421276
6,80–100%,4,Unrelated,full_action_language_distance,4,0.7392676693302136,0.34901668315652007,0.9623239896206353
7,80–100%,4,Unrelated,full_action_language_distance,4,0.6333111817422635,0.16722631753702516,1.0281692549588934
8,80–100%,4,Unrelated,full_action_language_distance,4,0.8392657160896214,0.4997418210697139,0.8884177734713533
9,80–100%,4,Unrelated,full_action_language_distance,4,1.0971618566526484,1.0735212104826346,1.142063213918613
